time,day,partition,partition_nn,carregamento_node_694,carregamento_node_2772,carregamento_node_1203,carregamento_node_592,carregamento_node_561,y_pred_694,y_pred_2772,y_pred_1203,y_pred_592,y_pred_561
2024-03-08 00:00:00,8,test,test,26.666666666666668,24.58333333333333,0.25,2.5,17.583333333333332,23.78104,19.0321,3.0379052,3.293933,17.345715
2024-03-08 00:05:00,8,test,test,24.416666666666668,24.83333333333333,0.5,2.5,11.416666666666666,24.463083,19.43311,3.1389494,3.3575718,17.343594
2024-03-08 00:10:00,8,test,test,18.0,18.0,0.5,1.5,11.166666666666666,23.291561,18.641068,3.1725616,3.4024715,17.303497
2024-03-08 00:15:00,8,test,test,18.25,12.916666666666666,0.5,1.5,9.333333333333334,23.77469,19.285786,3.2547708,3.4820464,17.240456
2024-03-08 00:20:00,8,test,test,15.416666666666666,8.666666666666666,0.5,1.5,9.25,23.24797,18.969822,3.1662948,3.3557243,17.109005
2024-03-08 00:25:00,8,test,test,13.583333333333334,8.5,0.5,1.5,7.916666666666667,23.740301,18.97324,3.0399575,3.2493973,17.396585
2024-03-08 00:30:00,8,test,test,8.916666666666666,6.5,0.5,1.5,4.833333333333333,23.92696,18.630985,3.140554,3.3978353,17.031013
2024-03-08 00:35:00,8,test,test,6.166666666666667,4.916666666666667,0.3333333333333333,0.4166666666666667,3.25,23.94749,18.725407,3.2431703,3.6441326,17.434605
2024-03-08 00:40:00,8,test,test,4.583333333333333,4.583333333333333,0.3333333333333333,0.4166666666666667,2.9166666666666665,23.848652,18.84933,3.3366578,3.6577802,17.565739
2024-03-08 00:45:00,8,test,test,4.416666666666667,2.6666666666666665,0.3333333333333333,0.4166666666666667,2.4166666666666665,22.843517,18.492155,3.5017543,3.7473762,17.188705
2024-03-08 00:50:00,8,test,test,3.583333333333333,2.6666666666666665,0.3333333333333333,0.0,2.1666666666666665,23.324635,18.439323,3.363628,3.716526,16.819496
2024-03-08 00:55:00,8,test,test,2.75,2.6666666666666665,0.25,0.0,2.083333333333333,23.044258,18.397865,3.6152117,3.9410343,16.863037
2024-03-08 05:00:00,8,test,test,15.5,11.083333333333334,0.25,4.583333333333333,7.166666666666667,9.98385,8.944293,2.738463,1.4435428,5.063611
2024-03-08 05:05:00,8,test,test,28.75,12.833333333333334,0.0,9.583333333333334,13.333333333333334,9.97029,9.182543,2.846395,1.560581,5.204472
2024-03-08 05:10:00,8,test,test,42.91666666666666,18.25,0.0,12.416666666666666,37.16666666666666,10.540384,10.076795,3.298077,1.7282376,5.347356
2024-03-08 05:15:00,8,test,test,77.58333333333333,25.0,5.166666666666667,19.75,54.16666666666666,10.785577,10.380392,3.6655273,1.9091415,5.6939936
2024-03-08 05:20:00,8,test,test,92.08333333333331,37.583333333333336,13.833333333333334,19.75,87.5,11.05957,10.270768,3.8717217,2.1583917,5.906482
2024-03-08 05:25:00,8,test,test,109.0,53.5,17.25,23.416666666666668,105.25,11.171753,10.57642,4.0863457,2.206254,5.993273
2024-03-08 05:30:00,8,test,test,135.75,70.58333333333333,19.58333333333333,28.5,116.66666666666669,11.23933,11.00037,4.584684,2.5247905,6.385358
2024-03-08 05:35:00,8,test,test,180.0,80.0,25.416666666666668,28.916666666666668,149.5,11.474124,11.279123,4.596793,2.5894504,6.450779
2024-03-08 05:40:00,8,test,test,217.58333333333331,99.16666666666669,33.75,37.833333333333336,171.25,11.614967,11.218264,4.7021585,2.6478522,6.5808477
2024-03-08 05:45:00,8,test,test,259.5833333333333,124.58333333333331,49.0,47.66666666666666,191.25,11.379357,11.085903,4.7227297,2.8357716,6.3573723
2024-03-08 05:50:00,8,test,test,310.75,146.5,53.083333333333336,48.0,228.16666666666663,11.840218,11.392497,5.10787,2.8753877,6.927658
2024-03-08 05:55:00,8,test,test,361.3333333333333,173.08333333333334,60.91666666666666,54.333333333333336,272.5833333333333,11.504332,11.462573,4.96161,2.993424,6.9064903
2024-03-08 06:00:00,8,test,test,390.25,199.41666666666663,75.25,52.75,299.0,45.30343,45.30343,45.24562,44.744087,45.30343
2024-03-08 06:05:00,8,test,test,438.4166666666667,242.33333333333331,78.91666666666667,62.0,317.5833333333333,46.08562,46.08562,46.026665,45.51979,46.08562
2024-03-08 06:10:00,8,test,test,471.4166666666667,251.41666666666663,101.58333333333331,63.333333333333336,328.4166666666667,45.63225,45.63225,45.574295,45.088486,45.63225
2024-03-08 06:15:00,8,test,test,500.75,286.5833333333333,104.33333333333331,56.0,330.4166666666667,46.124695,46.124695,46.0673,45.559456,46.124695
2024-03-08 06:20:00,8,test,test,555.6666666666666,320.1666666666667,100.16666666666669,62.91666666666666,332.25,45.770195,45.770195,45.71245,45.22338,45.770195
2024-03-08 06:25:00,8,test,test,604.4166666666666,348.0833333333333,105.5,67.66666666666667,359.3333333333333,46.198635,46.198635,46.14154,45.637306,46.198635
2024-03-08 06:30:00,8,test,test,612.25,366.75,119.33333333333331,68.25,377.4166666666667,45.56285,45.56285,45.50438,45.012062,45.56285
2024-03-08 06:35:00,8,test,test,636.75,419.3333333333333,122.5,70.16666666666667,411.5833333333333,46.266342,46.266342,46.205635,45.69525,46.266342
2024-03-08 06:40:00,8,test,test,652.9166666666666,439.9166666666667,127.75,61.25,408.6666666666667,46.12146,46.12146,46.063683,45.568916,46.12146
2024-03-08 06:45:00,8,test,test,643.5833333333334,450.3333333333333,124.25,62.91666666666666,413.0,44.47538,44.47538,44.420185,43.942497,44.47538
2024-03-08 06:50:00,8,test,test,665.9166666666666,459.1666666666667,131.58333333333334,65.83333333333333,424.4166666666667,45.42371,45.42371,45.3668,44.88438,45.42371
2024-03-08 06:55:00,8,test,test,648.75,468.6666666666667,133.83333333333334,62.66666666666666,417.25,44.833633,44.833633,44.77715,44.299316,44.833633
2024-03-08 07:00:00,8,test,test,665.0833333333334,490.0833333333333,137.41666666666666,64.5,420.0,45.0617,45.0617,45.060753,44.04299,45.0617
2024-03-08 07:05:00,8,test,test,659.1666666666666,480.75,142.25,52.41666666666666,430.0833333333333,45.817627,45.817627,45.816696,44.784775,45.817627
2024-03-08 07:10:00,8,test,test,649.9166666666666,509.5833333333333,135.08333333333334,56.16666666666666,419.8333333333333,45.146957,45.146957,45.146015,44.128147,45.146957
2024-03-08 07:15:00,8,test,test,643.0833333333334,518.0,142.66666666666666,56.16666666666666,424.1666666666667,45.591717,45.591717,45.59073,44.55621,45.591717
2024-03-08 07:20:00,8,test,test,641.9166666666666,495.75,144.83333333333334,49.25,420.4166666666667,45.250317,45.250317,45.24942,44.16638,45.250317
2024-03-08 07:25:00,8,test,test,632.8333333333334,482.4166666666667,140.91666666666666,49.0,403.4166666666667,45.575294,45.575294,45.574326,44.57423,45.575294
2024-03-08 07:30:00,8,test,test,628.8333333333334,477.5833333333333,131.16666666666666,48.16666666666666,410.25,44.862656,44.862656,44.86167,43.837517,44.862656
2024-03-08 07:35:00,8,test,test,624.0833333333334,456.4166666666667,133.16666666666666,49.5,376.9166666666667,45.634216,45.634216,45.633354,44.568954,45.634216
2024-03-08 07:40:00,8,test,test,619.9166666666666,459.9166666666667,125.41666666666669,49.5,372.6666666666667,45.49008,45.49008,45.489174,44.409676,45.49008
2024-03-08 07:45:00,8,test,test,628.25,478.6666666666667,129.58333333333334,44.5,381.1666666666667,43.852455,43.852455,43.85163,42.857574,43.852455
2024-03-08 07:50:00,8,test,test,603.3333333333334,470.3333333333333,135.66666666666666,46.0,357.3333333333333,44.74121,44.74121,44.740307,43.66655,44.74121
2024-03-08 07:55:00,8,test,test,602.5,478.75,128.0,43.833333333333336,336.6666666666667,44.269943,44.269943,44.269005,43.24247,44.269943
2024-03-08 08:00:00,8,test,test,596.6666666666666,465.4166666666667,115.66666666666669,44.75,327.0833333333333,45.0617,45.0617,45.05506,38.991135,45.0617
2024-03-08 08:05:00,8,test,test,568.75,449.8333333333333,115.66666666666669,42.833333333333336,321.5,45.817627,45.817627,45.810875,39.753403,45.817627
2024-03-08 08:10:00,8,test,test,566.5833333333334,436.4166666666667,112.75,39.75,313.0,45.146957,45.146957,45.14041,38.994053,45.146957
2024-03-08 08:15:00,8,test,test,533.5,418.6666666666667,112.41666666666669,41.75,312.3333333333333,45.591717,45.591717,45.585316,39.343613,45.591717
2024-03-08 08:20:00,8,test,test,505.6666666666667,427.3333333333333,108.5,43.66666666666666,299.5833333333333,45.250317,45.250317,45.243843,39.25276,45.250317
2024-03-08 08:25:00,8,test,test,473.9166666666667,425.5833333333333,118.83333333333331,36.583333333333336,283.6666666666667,45.575294,45.575294,45.56859,39.37667,45.575294
2024-03-08 08:30:00,8,test,test,457.5,434.0833333333333,120.41666666666669,32.416666666666664,267.0,44.862656,44.862656,44.856018,38.847626,44.862656
2024-03-08 08:35:00,8,test,test,431.6666666666667,416.9166666666667,115.58333333333331,28.75,250.33333333333331,45.634216,45.634216,45.627205,39.582623,45.634216
2024-03-08 08:40:00,8,test,test,404.25,390.9166666666667,115.41666666666669,30.25,255.83333333333331,45.49008,45.49008,45.483295,39.583096,45.49008
2024-03-08 08:45:00,8,test,test,385.0833333333333,356.3333333333333,111.41666666666669,23.75,239.91666666666663,43.852455,43.852455,43.8462,38.019672,43.852455
2024-03-08 08:50:00,8,test,test,353.5,355.5,100.58333333333331,23.25,226.75,44.74121,44.74121,44.73472,38.59651,44.74121
2024-03-08 08:55:00,8,test,test,340.3333333333333,331.0,99.08333333333331,28.416666666666668,216.08333333333331,44.269943,44.269943,44.263138,38.42394,44.269943
2024-03-08 09:00:00,8,test,test,310.4166666666667,309.5,99.41666666666669,22.83333333333333,195.91666666666663,45.0617,45.0617,44.99414,26.70189,45.061516
2024-03-08 09:05:00,8,test,test,298.1666666666667,308.75,96.25,23.33333333333333,180.66666666666663,45.817627,45.817627,45.754074,27.237734,45.81749
2024-03-08 09:10:00,8,test,test,275.4166666666667,302.3333333333333,86.0,20.25,171.83333333333334,45.146957,45.146957,45.081787,26.914625,45.146805
2024-03-08 09:15:00,8,test,test,268.0833333333333,274.9166666666667,75.33333333333333,20.58333333333333,162.75,45.591717,45.591717,45.526756,27.264017,45.591568
2024-03-08 09:20:00,8,test,test,248.25,258.0,80.08333333333333,18.666666666666668,152.91666666666666,45.250313,45.250317,45.179146,26.693802,45.250164
2024-03-08 09:25:00,8,test,test,241.33333333333331,253.5,68.0,19.5,152.83333333333334,45.57529,45.575294,45.505375,26.96838,45.575134
2024-03-08 09:30:00,8,test,test,244.25,224.75,64.66666666666667,19.75,141.16666666666666,44.86265,44.862656,44.79268,26.5139,44.862503
2024-03-08 09:35:00,8,test,test,219.91666666666663,212.75,58.5,23.25,136.58333333333334,45.634216,45.634216,45.562187,26.975761,45.63408
2024-03-08 09:40:00,8,test,test,207.91666666666663,207.33333333333331,58.0,21.75,124.83333333333331,45.49008,45.49008,45.419693,27.00824,45.489944
2024-03-08 09:45:00,8,test,test,203.16666666666663,200.41666666666663,47.25,24.58333333333333,112.25,43.852455,43.852455,43.78325,26.212236,43.8523
2024-03-08 09:50:00,8,test,test,198.08333333333331,193.83333333333331,44.583333333333336,20.33333333333333,111.0,44.74121,44.74121,44.672493,26.558619,44.741074
2024-03-08 09:55:00,8,test,test,189.75,181.66666666666663,47.41666666666666,17.0,112.16666666666669,44.269943,44.269943,44.205765,26.426796,44.2698
2024-03-08 10:00:00,8,test,test,181.91666666666663,173.66666666666666,46.5,19.0,117.0,44.77311,45.058395,35.61091,20.955946,44.514183
2024-03-08 10:05:00,8,test,test,176.25,161.5,46.91666666666666,18.25,106.75,45.472065,45.814407,36.11669,21.205343,45.2154
2024-03-08 10:10:00,8,test,test,179.83333333333334,156.41666666666666,44.583333333333336,16.916666666666668,104.91666666666669,44.93299,45.143967,35.686897,21.165571,44.658775
2024-03-08 10:15:00,8,test,test,177.66666666666666,162.25,44.16666666666666,14.583333333333334,99.0,45.26774,45.58832,36.040985,21.451529,45.01094
2024-03-08 10:20:00,8,test,test,165.91666666666666,158.91666666666666,42.5,14.583333333333334,99.58333333333331,45.00833,45.246956,35.81424,20.993307,44.7493
2024-03-08 10:25:00,8,test,test,162.33333333333334,146.0,42.083333333333336,16.083333333333332,95.08333333333331,45.21946,45.571953,35.837234,21.129494,44.963646
2024-03-08 10:30:00,8,test,test,155.33333333333334,148.83333333333334,41.25,18.58333333333333,94.66666666666669,44.51287,44.859512,35.338394,20.901463,44.252777
2024-03-08 10:35:00,8,test,test,151.91666666666666,148.5,42.41666666666666,15.083333333333334,93.08333333333331,45.348347,45.631153,35.89657,21.126728,45.115837
2024-03-08 10:40:00,8,test,test,158.75,148.16666666666666,40.0,15.083333333333334,91.66666666666669,45.13433,45.48671,36.003372,21.09846,44.84291
2024-03-08 10:45:00,8,test,test,154.58333333333334,149.25,43.41666666666666,13.583333333333334,93.08333333333331,43.578606,43.849182,34.748924,20.380136,43.36273
2024-03-08 10:50:00,8,test,test,150.75,145.0,41.833333333333336,15.666666666666666,85.33333333333333,44.414673,44.738167,35.34195,20.86047,44.13154
2024-03-08 10:55:00,8,test,test,156.75,149.08333333333334,39.833333333333336,14.666666666666666,84.33333333333333,43.849403,44.26696,34.70893,20.744694,43.59276
2024-03-08 11:00:00,8,test,test,153.16666666666666,143.08333333333334,38.083333333333336,12.5,85.0,44.7675,44.77269,38.437714,15.82446,44.63092
2024-03-08 11:05:00,8,test,test,154.5,152.91666666666666,34.833333333333336,14.083333333333334,90.91666666666669,45.46614,45.471657,39.065853,15.702301,45.327915
2024-03-08 11:10:00,8,test,test,155.58333333333334,149.75,40.083333333333336,15.0,92.75,44.928425,44.932556,39.020023,15.776274,44.792892
2024-03-08 11:15:00,8,test,test,151.91666666666666,148.75,36.0,16.333333333333332,94.41666666666669,45.26272,45.26733,39.030075,15.975023,45.13488
2024-03-08 11:20:00,8,test,test,160.25,143.83333333333334,32.166666666666664,17.166666666666668,90.25,45.003357,45.007973,38.767685,15.947674,44.887615
2024-03-08 11:25:00,8,test,test,157.66666666666666,139.16666666666666,38.25,13.75,93.75,45.21391,45.219048,39.134518,15.927632,45.073013
2024-03-08 11:30:00,8,test,test,163.58333333333334,139.25,41.583333333333336,12.666666666666666,90.25,44.509605,44.51242,38.3293,15.505622,44.38298
2024-03-08 11:35:00,8,test,test,161.58333333333334,145.0,42.333333333333336,14.333333333333334,88.08333333333333,45.343864,45.347923,39.03613,15.750709,45.2115
2024-03-08 11:40:00,8,test,test,158.0,139.75,39.583333333333336,17.25,91.83333333333331,45.13012,45.13392,39.032784,16.053677,44.99021
2024-03-08 11:45:00,8,test,test,160.75,136.58333333333334,37.75,18.33333333333333,89.75,43.57391,43.578217,37.47902,15.425907,43.456364
2024-03-08 11:50:00,8,test,test,159.83333333333334,147.0,47.91666666666666,16.666666666666668,96.91666666666669,44.411316,44.4143,38.221237,15.834112,44.27941
2024-03-08 11:55:00,8,test,test,155.25,144.41666666666666,48.66666666666666,14.833333333333334,102.33333333333331,43.84565,43.84909,37.780952,15.866728,43.712193
2024-03-08 12:00:00,8,test,test,162.16666666666666,151.83333333333334,55.0,14.833333333333334,100.66666666666669,45.061516,45.059753,42.227737,16.688457,45.044083
2024-03-08 12:05:00,8,test,test,170.5,150.16666666666666,56.333333333333336,16.416666666666668,101.16666666666669,45.817432,45.81571,43.038242,17.297382,45.799126
2024-03-08 12:10:00,8,test,test,176.08333333333334,142.66666666666666,58.66666666666666,18.08333333333333,98.58333333333331,45.146774,45.14493,42.289886,16.881905,45.129646
2024-03-08 12:15:00,8,test,test,172.58333333333334,153.16666666666666,63.16666666666666,17.083333333333332,98.66666666666669,45.591522,45.589874,42.719246,17.132698,45.573105
2024-03-08 12:20:00,8,test,test,178.66666666666666,172.16666666666666,65.16666666666667,19.75,102.75,45.250137,45.24831,42.605743,16.756958,45.232918
2024-03-08 12:25:00,8,test,test,193.0,186.08333333333331,62.083333333333336,19.75,111.33333333333331,45.57512,45.57328,42.765526,16.733204,45.557846
2024-03-08 12:30:00,8,test,test,201.33333333333331,191.41666666666663,60.083333333333336,17.416666666666668,125.41666666666669,44.86248,44.86109,42.26435,16.420336,44.84537
2024-03-08 12:35:00,8,test,test,214.91666666666663,189.08333333333331,62.833333333333336,21.416666666666668,122.5,45.63404,45.632027,42.91475,16.765306,45.616932
2024-03-08 12:40:00,8,test,test,222.0,199.25,68.08333333333333,18.5,118.41666666666669,45.489883,45.488174,42.654663,16.824654,45.47177
2024-03-08 12:45:00,8,test,test,232.41666666666663,206.0,73.75,18.416666666666668,129.33333333333334,43.85229,43.8509,41.276886,16.535797,43.83589
2024-03-08 12:50:00,8,test,test,236.75,202.5,63.0,18.916666666666668,135.08333333333334,44.741016,44.739166,42.008602,16.325567,44.72323
2024-03-08 12:55:00,8,test,test,254.0,206.5,68.33333333333333,23.08333333333333,138.33333333333334,44.26976,44.268127,41.61961,16.729017,44.25222
2024-03-08 13:00:00,8,test,test,256.75,214.58333333333331,61.5,24.5,139.83333333333334,45.0617,45.0617,44.73534,25.576675,45.06163
2024-03-08 13:05:00,8,test,test,249.0,215.41666666666663,61.833333333333336,21.33333333333333,138.58333333333334,45.817627,45.817627,45.493027,25.997808,45.817566
2024-03-08 13:10:00,8,test,test,246.5,236.5,56.75,18.416666666666668,147.91666666666666,45.146957,45.146957,44.82527,25.470364,45.14689
2024-03-08 13:15:00,8,test,test,260.0,239.25,64.0,18.08333333333333,141.58333333333334,45.591717,45.591717,45.266014,26.186834,45.591652
2024-03-08 13:20:00,8,test,test,252.75,222.25,71.83333333333333,17.916666666666668,147.16666666666666,45.250317,45.250317,44.93277,25.664082,45.250263
2024-03-08 13:25:00,8,test,test,248.33333333333331,217.08333333333331,68.33333333333333,21.75,139.66666666666666,45.575294,45.575294,45.245155,25.830368,45.57522
2024-03-08 13:30:00,8,test,test,234.83333333333331,224.91666666666663,67.41666666666667,21.75,131.91666666666666,44.862656,44.862656,44.54359,25.303186,44.862595
2024-03-08 13:35:00,8,test,test,232.66666666666663,219.33333333333331,65.83333333333333,16.083333333333332,136.83333333333334,45.634216,45.634216,45.3005,25.670094,45.634155
2024-03-08 13:40:00,8,test,test,226.66666666666663,224.58333333333331,69.33333333333333,17.833333333333332,140.16666666666666,45.49008,45.49008,45.159775,25.963459,45.490017
2024-03-08 13:45:00,8,test,test,222.08333333333331,223.08333333333331,62.91666666666666,19.666666666666668,132.33333333333334,43.852455,43.852455,43.545372,25.089323,43.852398
2024-03-08 13:50:00,8,test,test,219.66666666666663,227.75,69.0,20.75,129.08333333333334,44.74121,44.74121,44.421917,25.302992,44.741146
2024-03-08 13:55:00,8,test,test,212.25,229.33333333333331,61.16666666666666,16.583333333333332,124.5,44.269943,44.269943,43.950417,25.175264,44.26989
2024-03-08 14:00:00,8,test,test,204.5,225.5,59.75,19.0,123.16666666666669,45.06169,45.0617,43.671825,18.513168,45.05921
2024-03-08 14:05:00,8,test,test,204.83333333333331,220.0,62.833333333333336,19.416666666666668,122.41666666666669,45.817616,45.817627,44.394203,18.781963,45.815353
2024-03-08 14:10:00,8,test,test,193.66666666666663,199.5,62.0,20.58333333333333,111.25,45.146957,45.146957,43.81808,18.423775,45.144646
2024-03-08 14:15:00,8,test,test,194.33333333333331,202.08333333333331,51.75,20.58333333333333,112.66666666666669,45.59171,45.591717,44.23713,18.97096,45.589287
2024-03-08 14:20:00,8,test,test,194.5,201.75,44.083333333333336,20.166666666666668,104.33333333333331,45.250313,45.250317,43.874825,18.41802,45.247765
2024-03-08 14:25:00,8,test,test,184.0,208.25,46.333333333333336,17.916666666666668,97.75,45.57529,45.575294,44.240856,18.60166,45.57287
2024-03-08 14:30:00,8,test,test,196.33333333333331,194.58333333333331,47.25,18.166666666666668,100.75,44.862648,44.862656,43.438606,18.175919,44.860237
2024-03-08 14:35:00,8,test,test,191.83333333333331,195.83333333333331,50.25,19.08333333333333,98.91666666666669,45.634216,45.634216,44.20868,18.502075,45.631813
2024-03-08 14:40:00,8,test,test,187.75,180.41666666666663,45.0,18.0,99.33333333333331,45.490074,45.49008,44.11314,18.45005,45.487495
2024-03-08 14:45:00,8,test,test,182.83333333333331,172.41666666666666,45.083333333333336,13.833333333333334,98.08333333333331,43.85245,43.852455,42.521866,17.947897,43.84994
2024-03-08 14:50:00,8,test,test,184.0,182.66666666666663,39.0,14.083333333333334,96.83333333333331,44.741203,44.74121,43.321625,18.05209,44.738846
2024-03-08 14:55:00,8,test,test,173.75,179.66666666666666,42.833333333333336,14.583333333333334,94.83333333333331,44.269943,44.269943,42.91311,18.229134,44.26771
2024-03-08 15:00:00,8,test,test,181.58333333333331,176.91666666666666,43.75,10.75,94.66666666666669,45.061653,45.061676,37.07219,11.228622,45.031387
2024-03-08 15:05:00,8,test,test,181.66666666666663,178.58333333333334,42.41666666666666,13.083333333333334,90.75,45.81758,45.8176,37.508736,11.019778,45.784813
2024-03-08 15:10:00,8,test,test,178.75,184.58333333333331,46.25,12.75,100.0,45.14691,45.14694,37.088783,11.058968,45.11606
2024-03-08 15:15:00,8,test,test,181.5,171.75,47.083333333333336,12.75,101.41666666666669,45.59167,45.591686,37.441605,11.441561,45.560814
2024-03-08 15:20:00,8,test,test,179.41666666666666,179.33333333333334,44.333333333333336,9.833333333333334,108.91666666666669,45.250275,45.250298,37.248863,11.123019,45.21895
2024-03-08 15:25:00,8,test,test,185.16666666666663,182.0,42.75,12.166666666666666,110.5,45.57524,45.575268,37.287933,11.162519,45.542908
2024-03-08 15:30:00,8,test,test,182.83333333333331,189.75,45.5,14.25,111.66666666666669,44.86261,44.862633,36.839653,10.914918,44.829235
2024-03-08 15:35:00,8,test,test,178.41666666666666,183.75,43.583333333333336,13.416666666666666,107.5,45.63417,45.6342,37.39802,11.204781,45.599888
2024-03-08 15:40:00,8,test,test,190.66666666666663,190.0,44.833333333333336,12.75,114.91666666666669,45.490032,45.490055,37.43101,11.261456,45.457397
2024-03-08 15:45:00,8,test,test,200.41666666666663,205.5,46.333333333333336,16.833333333333332,118.33333333333331,43.852413,43.85244,35.950188,11.167467,43.822815
2024-03-08 15:50:00,8,test,test,210.08333333333331,196.5,54.75,16.25,116.75,44.74116,44.741188,37.05989,11.212667,44.70685
2024-03-08 15:55:00,8,test,test,209.33333333333331,199.33333333333331,54.083333333333336,18.25,124.41666666666669,44.2699,44.269924,36.547256,11.380697,44.2377
2024-03-08 16:00:00,8,test,test,202.5,208.75,53.16666666666666,18.25,131.41666666666666,45.06169,45.0617,43.5399,21.637371,45.061035
2024-03-08 16:05:00,8,test,test,207.91666666666663,211.75,52.75,18.166666666666668,139.5,45.817627,45.817627,44.443047,22.196575,45.817
2024-03-08 16:10:00,8,test,test,223.5,224.08333333333331,56.833333333333336,18.666666666666668,137.33333333333334,45.146957,45.146957,43.63727,22.161736,45.146294
2024-03-08 16:15:00,8,test,test,212.75,226.5,57.25,21.916666666666668,143.41666666666666,45.591717,45.591717,44.10487,22.258892,45.591034
2024-03-08 16:20:00,8,test,test,232.08333333333331,231.25,62.5,22.58333333333333,148.33333333333334,45.250317,45.250317,43.867832,22.124487,45.24965
2024-03-08 16:25:00,8,test,test,246.33333333333331,227.66666666666663,60.75,19.75,158.41666666666666,45.57529,45.575294,44.161255,22.165071,45.5746
2024-03-08 16:30:00,8,test,test,246.58333333333331,242.5,62.0,19.916666666666668,162.75,44.862656,44.862656,43.54493,21.580906,44.861996
2024-03-08 16:35:00,8,test,test,269.6666666666667,260.4166666666667,67.91666666666667,20.416666666666668,177.5,45.634216,45.634216,44.195206,22.200003,45.63353
2024-03-08 16:40:00,8,test,test,274.75,269.6666666666667,69.91666666666667,22.416666666666668,186.75,45.49008,45.49008,44.020863,22.139652,45.489426
2024-03-08 16:45:00,8,test,test,276.6666666666667,276.6666666666667,73.83333333333333,23.58333333333333,188.5,43.852455,43.852455,42.499138,21.36262,43.85179
2024-03-08 16:50:00,8,test,test,289.4166666666667,276.9166666666667,66.25,24.0,200.58333333333331,44.741207,44.74121,43.24728,21.426079,44.740593
2024-03-08 16:55:00,8,test,test,303.6666666666667,286.75,74.75,26.08333333333333,208.41666666666663,44.269943,44.269943,42.91903,21.694351,44.26932
2024-03-08 17:00:00,8,test,test,322.1666666666667,290.5,78.5,26.08333333333333,215.91666666666663,45.0617,45.0617,44.944603,32.32924,45.0617
2024-03-08 17:05:00,8,test,test,334.6666666666667,297.75,77.91666666666667,26.666666666666668,212.5,45.817627,45.817627,45.70002,32.760117,45.817627
2024-03-08 17:10:00,8,test,test,353.0833333333333,294.0833333333333,74.5,30.0,228.0,45.146957,45.146957,45.031616,32.650345,45.146957
2024-03-08 17:15:00,8,test,test,366.5,305.1666666666667,78.58333333333333,34.0,238.91666666666663,45.591717,45.591717,45.464947,32.825123,45.591717
2024-03-08 17:20:00,8,test,test,379.5833333333333,303.0,85.16666666666667,35.416666666666664,240.66666666666663,45.250317,45.250317,45.12607,32.574173,45.250317
2024-03-08 17:25:00,8,test,test,386.25,321.5833333333333,99.83333333333331,39.833333333333336,264.25,45.575294,45.575294,45.45208,32.764084,45.575294
2024-03-08 17:30:00,8,test,test,401.5833333333333,323.0833333333333,97.25,39.16666666666666,262.0,44.862656,44.862656,44.744537,32.148224,44.862656
2024-03-08 17:35:00,8,test,test,411.1666666666667,323.9166666666667,97.16666666666669,38.583333333333336,280.6666666666667,45.634216,45.634216,45.50913,32.739304,45.634216
2024-03-08 17:40:00,8,test,test,442.1666666666667,337.1666666666667,95.33333333333331,36.583333333333336,274.8333333333333,45.49008,45.49008,45.367764,32.819637,45.49008
2024-03-08 17:45:00,8,test,test,444.4166666666667,340.0,95.41666666666669,33.5,295.0833333333333,43.852455,43.852455,43.732674,31.716028,43.852455
2024-03-08 17:50:00,8,test,test,449.5833333333333,366.5,94.5,33.083333333333336,293.3333333333333,44.74121,44.74121,44.620804,32.23985,44.74121
2024-03-08 17:55:00,8,test,test,474.9166666666667,374.25,83.83333333333333,35.833333333333336,296.75,44.269943,44.269943,44.154427,32.0485,44.269943
2024-03-08 18:00:00,8,test,test,485.75,384.4166666666667,88.5,36.16666666666666,294.0833333333333,45.0617,45.0617,44.896477,34.379955,45.0617
2024-03-08 18:05:00,8,test,test,499.9166666666667,410.6666666666667,96.33333333333331,34.916666666666664,313.6666666666667,45.817627,45.817627,45.649017,34.958626,45.817627
2024-03-08 18:10:00,8,test,test,507.1666666666667,436.1666666666667,105.75,41.91666666666666,306.5833333333333,45.146957,45.146957,44.987785,34.43524,45.146957
2024-03-08 18:15:00,8,test,test,520.9166666666666,432.0,104.41666666666669,42.25,314.8333333333333,45.591717,45.591717,45.434196,34.916733,45.591717
2024-03-08 18:20:00,8,test,test,521.25,428.5,97.58333333333331,42.583333333333336,311.6666666666667,45.250317,45.250317,45.08786,34.47352,45.250317
2024-03-08 18:25:00,8,test,test,519.1666666666666,421.8333333333333,83.25,40.66666666666666,292.3333333333333,45.575294,45.575294,45.415215,34.787926,45.575294
2024-03-08 18:30:00,8,test,test,517.4166666666666,407.5,81.25,42.91666666666666,288.8333333333333,44.862656,44.862656,44.69237,34.15531,44.862656
2024-03-08 18:35:00,8,test,test,515.5,415.5,73.08333333333333,43.583333333333336,271.3333333333333,45.634216,45.634216,45.461494,34.73238,45.634216
2024-03-08 18:40:00,8,test,test,480.5833333333333,393.6666666666667,71.66666666666667,46.583333333333336,271.5,45.49008,45.49008,45.32305,34.789448,45.49008
2024-03-08 18:45:00,8,test,test,483.9166666666667,391.5,65.66666666666667,46.41666666666666,263.6666666666667,43.852455,43.852455,43.696068,33.77776,43.852455
2024-03-08 18:50:00,8,test,test,477.0,351.5,64.75,47.16666666666666,270.5833333333333,44.74121,44.74121,44.582664,34.308887,44.74121
2024-03-08 18:55:00,8,test,test,453.5,349.5,63.75,40.91666666666666,276.5833333333333,44.269943,44.269943,44.10762,33.873077,44.269943
2024-03-08 19:00:00,8,test,test,441.8333333333333,358.0833333333333,64.25,43.75,275.1666666666667,45.0617,45.0617,34.86053,35.401505,45.0617
2024-03-08 19:05:00,8,test,test,436.0833333333333,321.0,63.91666666666666,50.583333333333336,261.25,45.817627,45.817627,35.4886,36.293606,45.817627
2024-03-08 19:10:00,8,test,test,425.25,314.3333333333333,52.91666666666666,38.833333333333336,262.5,45.146957,45.146957,34.950718,35.91866,45.146957
2024-03-08 19:15:00,8,test,test,425.1666666666667,340.3333333333333,49.0,39.25,249.25,45.591717,45.591717,35.33921,36.419693,45.591717
2024-03-08 19:20:00,8,test,test,401.9166666666667,354.5833333333333,51.41666666666666,41.91666666666666,245.91666666666663,45.250317,45.250317,35.271805,36.14889,45.250317
2024-03-08 19:25:00,8,test,test,391.9166666666667,367.0833333333333,61.66666666666666,39.833333333333336,251.33333333333331,45.575294,45.575294,35.38121,36.069183,45.575294
2024-03-08 19:30:00,8,test,test,390.8333333333333,374.5,64.08333333333333,36.083333333333336,257.4166666666667,44.862656,44.862656,34.677467,35.511932,44.862656
2024-03-08 19:35:00,8,test,test,374.0833333333333,370.4166666666667,65.91666666666667,47.0,249.16666666666663,45.634216,45.634216,35.40602,36.2146,45.634216
2024-03-08 19:40:00,8,test,test,373.5,388.5,63.5,49.66666666666666,246.66666666666663,45.49008,45.49008,35.13744,36.08216,45.49008
2024-03-08 19:45:00,8,test,test,363.0833333333333,376.1666666666667,64.25,48.16666666666666,236.16666666666663,43.852455,43.852455,34.506195,35.066544,43.852455
2024-03-08 19:50:00,8,test,test,363.3333333333333,388.25,64.33333333333333,48.66666666666666,220.25,44.74121,44.74121,34.620163,35.594803,44.74121
2024-03-08 19:55:00,8,test,test,373.5,363.5833333333333,65.25,50.833333333333336,197.41666666666663,44.269943,44.269943,34.41205,35.147556,44.269943
2024-03-08 20:00:00,8,test,test,353.0,326.25,55.75,47.66666666666666,195.91666666666663,45.0617,45.0617,43.18555,41.973618,45.061584
2024-03-08 20:05:00,8,test,test,340.25,333.3333333333333,46.5,43.333333333333336,189.58333333333331,45.817627,45.817627,44.014526,42.642807,45.817528
2024-03-08 20:10:00,8,test,test,326.0833333333333,299.5,45.25,49.16666666666666,182.91666666666663,45.146957,45.146957,43.375687,42.02211,45.14686
2024-03-08 20:15:00,8,test,test,310.3333333333333,262.5833333333333,43.66666666666666,41.16666666666666,182.58333333333331,45.591717,45.591717,43.81184,42.647232,45.59161
2024-03-08 20:20:00,8,test,test,299.5833333333333,241.83333333333331,40.583333333333336,41.083333333333336,182.0,45.250317,45.250317,43.39658,42.08271,45.250206
2024-03-08 20:25:00,8,test,test,288.5,211.5,32.0,41.0,163.0,45.575294,45.575294,43.785526,42.52987,45.575184
2024-03-08 20:30:00,8,test,test,265.75,194.25,31.0,41.25,154.16666666666666,44.862656,44.862656,43.144943,41.899216,44.862556
2024-03-08 20:35:00,8,test,test,251.0,179.41666666666666,27.5,31.166666666666668,154.16666666666666,45.634216,45.634216,43.64243,42.394783,45.63411
2024-03-08 20:40:00,8,test,test,242.16666666666663,159.25,26.916666666666668,27.83333333333333,141.0,45.49008,45.49008,43.649498,42.3078,45.489967
2024-03-08 20:45:00,8,test,test,228.25,149.41666666666666,25.5,27.416666666666668,131.75,43.852455,43.852455,41.986526,40.997925,43.852356
2024-03-08 20:50:00,8,test,test,208.66666666666663,150.58333333333334,24.58333333333333,24.58333333333333,126.41666666666669,44.74121,44.74121,42.90949,41.49874,44.741104
2024-03-08 20:55:00,8,test,test,185.0,154.33333333333334,26.08333333333333,22.416666666666668,118.66666666666669,44.269943,44.269943,42.476776,41.23374,44.26984
2024-03-08 21:00:00,8,test,test,178.0,151.16666666666666,26.5,22.666666666666668,113.5,45.056347,41.904373,29.156641,20.631016,44.961266
2024-03-08 21:05:00,8,test,test,159.08333333333334,141.0,26.83333333333333,18.916666666666668,110.08333333333331,45.811733,42.547768,29.935379,20.935375,45.717644
2024-03-08 21:10:00,8,test,test,152.16666666666666,139.75,23.5,16.083333333333332,105.66666666666669,45.14149,42.03764,29.703,20.283049,45.043358
2024-03-08 21:15:00,8,test,test,136.75,137.41666666666666,25.75,16.083333333333332,94.0,45.586975,42.28246,29.480387,20.454641,45.487934
2024-03-08 21:20:00,8,test,test,134.58333333333334,136.83333333333334,21.0,11.416666666666666,81.41666666666667,45.24608,42.026955,29.382744,20.334448,45.151024
2024-03-08 21:25:00,8,test,test,128.0,128.5,19.25,11.416666666666666,82.75,45.570156,42.15831,29.364384,20.294197,45.472115
2024-03-08 21:30:00,8,test,test,122.66666666666669,133.08333333333334,14.25,11.75,77.08333333333333,44.857895,41.67721,29.325405,20.273354,44.759056
2024-03-08 21:35:00,8,test,test,124.0,137.75,15.333333333333334,11.583333333333334,70.75,45.62967,42.405525,29.918644,20.481283,45.522053
2024-03-08 21:40:00,8,test,test,125.08333333333331,142.08333333333334,16.166666666666668,9.25,71.25,45.484585,42.117203,30.12484,20.709763,45.38215
2024-03-08 21:45:00,8,test,test,124.08333333333331,142.33333333333334,16.916666666666668,9.166666666666666,76.83333333333333,43.84864,40.61668,28.266596,19.66542,43.746925
2024-03-08 21:50:00,8,test,test,119.66666666666669,122.5,16.916666666666668,9.166666666666666,72.16666666666667,44.73591,41.591526,29.627018,20.215261,44.637627
2024-03-08 21:55:00,8,test,test,120.58333333333331,117.5,17.666666666666668,9.166666666666666,69.75,44.264122,41.371803,29.517427,20.271595,44.170334
2024-03-08 22:00:00,8,test,test,127.16666666666669,120.08333333333331,17.25,9.583333333333334,61.083333333333336,44.769573,41.889736,20.358732,11.120256,43.215084
2024-03-08 22:05:00,8,test,test,133.16666666666666,118.83333333333331,13.916666666666666,8.916666666666666,62.333333333333336,45.468384,42.706295,20.283348,11.133549,43.94796
2024-03-08 22:10:00,8,test,test,118.91666666666669,123.66666666666669,16.333333333333332,7.0,62.0,44.92894,42.132244,20.36613,10.969824,43.482315
2024-03-08 22:15:00,8,test,test,119.83333333333331,124.25,14.083333333333334,8.333333333333334,60.333333333333336,45.26362,42.22081,20.585651,11.199841,43.876534
2024-03-08 22:20:00,8,test,test,115.08333333333331,128.66666666666666,16.75,8.0,60.66666666666666,45.004333,42.255314,20.749058,11.091787,43.54686
2024-03-08 22:25:00,8,test,test,114.33333333333331,129.91666666666666,15.416666666666666,6.583333333333333,56.333333333333336,45.215904,42.29068,20.719204,10.978657,43.742714
2024-03-08 22:30:00,8,test,test,120.5,124.83333333333331,14.416666666666666,5.666666666666667,56.0,44.509087,41.727917,20.355774,10.822132,43.10489
2024-03-08 22:35:00,8,test,test,114.25,117.83333333333331,13.166666666666666,6.333333333333333,56.5,45.344543,42.416473,20.687489,10.784051,43.940987
2024-03-08 22:40:00,8,test,test,110.25,114.5,12.083333333333334,6.583333333333333,51.833333333333336,45.130302,42.315533,20.675468,10.844153,43.772644
2024-03-08 22:45:00,8,test,test,107.25,114.91666666666669,17.583333333333332,6.583333333333333,45.083333333333336,43.574814,40.80786,20.2834,10.829027,42.143646
2024-03-08 22:50:00,8,test,test,107.5,111.91666666666669,17.583333333333332,6.5,46.66666666666666,44.411007,41.17421,20.021896,10.985659,42.98073
2024-03-08 22:55:00,8,test,test,107.41666666666669,108.83333333333331,14.833333333333334,6.166666666666667,53.333333333333336,43.84535,41.072655,20.33868,10.8510475,42.447594
2024-03-08 23:00:00,8,test,test,97.5,102.66666666666669,14.083333333333334,5.5,52.25,44.97194,42.557907,17.712704,8.944536,42.717224
2024-03-08 23:05:00,8,test,test,87.83333333333333,100.58333333333331,13.916666666666666,6.416666666666667,51.41666666666666,45.681126,43.45668,17.794796,8.930073,43.32093
2024-03-08 23:10:00,8,test,test,87.41666666666667,95.75,11.5,5.333333333333333,43.833333333333336,45.046993,42.470215,17.416075,9.430785,42.86525
2024-03-08 23:15:00,8,test,test,78.41666666666667,89.83333333333333,11.5,4.0,40.41666666666666,45.48908,42.916935,17.705322,9.328589,43.20497
2024-03-08 23:20:00,8,test,test,79.08333333333333,79.0,7.833333333333333,4.0,39.66666666666666,45.126274,42.68,17.683664,9.190123,42.896576
2024-03-08 23:25:00,8,test,test,75.33333333333333,72.16666666666667,9.0,4.0,37.083333333333336,45.460297,43.122364,17.702812,9.397814,43.086334
2024-03-08 23:30:00,8,test,test,65.91666666666667,62.25,9.0,4.0,36.75,44.87423,42.308556,17.472595,9.478906,42.587677
2024-03-08 23:35:00,8,test,test,63.583333333333336,55.583333333333336,9.0,2.0,34.0,45.651325,43.076035,17.859486,9.815548,43.384396
2024-03-08 23:40:00,8,test,test,57.5,43.583333333333336,8.75,2.75,34.166666666666664,45.48561,42.96486,17.61098,9.857235,43.14075
2024-03-08 23:45:00,8,test,test,52.41666666666666,35.75,1.5833333333333333,2.75,32.5,43.866543,41.35923,17.370056,9.595982,41.731613
2024-03-08 23:50:00,8,test,test,45.5,35.083333333333336,1.5833333333333333,3.1666666666666665,30.75,44.739162,42.368206,17.324635,9.68256,42.422695
2024-03-08 23:55:00,8,test,test,30.75,34.5,1.5,2.4166666666666665,24.25,44.327477,41.74564,17.393375,9.92045,41.9701
2024-03-09 00:00:00,9,test,test,30.33333333333333,31.166666666666668,1.5,2.4166666666666665,21.58333333333333,25.441109,20.370827,2.573836,3.184756,24.725079
2024-03-09 00:05:00,9,test,test,27.166666666666668,26.416666666666668,1.5,1.4166666666666667,16.333333333333332,25.788643,20.470474,2.4639874,3.1862707,24.86848
2024-03-09 00:10:00,9,test,test,25.916666666666668,18.5,1.5,1.4166666666666667,16.083333333333332,25.198467,20.126825,2.5208502,3.2046838,24.991127
2024-03-09 00:15:00,9,test,test,23.916666666666668,14.833333333333334,1.5,1.4166666666666667,15.333333333333334,25.59666,20.411926,2.4248178,3.299096,24.865974
2024-03-09 00:20:00,9,test,test,17.5,12.583333333333334,1.5,1.4166666666666667,14.583333333333334,25.323261,20.027977,2.404892,3.1778207,24.615957
2024-03-09 00:25:00,9,test,test,13.916666666666666,11.416666666666666,0.4166666666666667,1.4166666666666667,12.5,25.570164,20.043997,2.356847,3.1493907,25.394558
2024-03-09 00:30:00,9,test,test,12.416666666666666,9.166666666666666,0.4166666666666667,1.4166666666666667,8.666666666666666,25.45942,20.045658,2.3690946,3.2267888,24.648361
2024-03-09 00:35:00,9,test,test,9.333333333333334,5.916666666666667,0.4166666666666667,1.4166666666666667,5.0,25.46077,20.498943,2.4748962,3.4068637,25.141348
2024-03-09 00:40:00,9,test,test,4.416666666666667,5.666666666666667,0.4166666666666667,0.4166666666666667,3.583333333333333,25.297064,20.499651,2.6012526,3.3902016,25.197433
2024-03-09 00:45:00,9,test,test,4.0,4.25,0.4166666666666667,0.6666666666666666,3.083333333333333,24.389324,19.983437,2.8182027,3.5393958,24.377201
2024-03-09 00:50:00,9,test,test,3.5,4.166666666666667,0.4166666666666667,0.25,2.75,25.08581,20.037142,2.7137372,3.455061,24.462917
2024-03-09 00:55:00,9,test,test,3.5,3.4166666666666665,0.0833333333333333,0.25,2.5,25.115696,19.521809,2.7411647,3.638676,24.409025
