ponto,tresh
100009577,0.5698924731182796
100722777,0.5698924731182796
100722778,0.5698924731182796
101214305,0.5698924731182796
101269104,0.5698924731182796
102324560,0.5698924731182796
103551893,0.5698924731182796
104226128,0.5698924731182796
104226129,0.5698924731182796
104226130,0.5698924731182796
104226131,0.5698924731182796
104226132,0.5698924731182796
104226133,0.5698924731182796
104226134,0.5698924731182796
104226135,0.5698924731182796
105082910,0.5698924731182796
106367555,0.5698924731182796
106367556,0.5698924731182796
106367557,0.5698924731182796
106394017,0.5698924731182796
106394018,0.5698924731182796
106394019,0.5698924731182796
106394020,0.5698924731182796
106394021,0.5698924731182796
107013409,0.5698924731182796
107018068,0.5698924731182796
107018201,0.5698924731182796
107018906,0.5698924731182796
107023635,0.5698924731182796
107679327,0.5698924731182796
107915276,0.5698924731182796
109327111,0.5698924731182796
110005341,0.5698924731182796
110438500,0.5698924731182796
110952736,0.5698924731182796
110952763,0.5698924731182796
110952766,0.5698924731182796
110953996,0.5698924731182796
111373595,0.5698924731182796
111530447,0.5698924731182796
117165992,0.5698924731182796
117165993,0.5698924731182796
117165994,0.5698924731182796
117513349,0.5698924731182796
117513350,0.5698924731182796
117558839,0.5698924731182796
117558840,0.5698924731182796
117979075,0.5698924731182796
118681574,0.5698924731182796
120548519,0.5698924731182796
121254577,0.5698924731182796
125960548,0.5698924731182796
125960549,0.5698924731182796
125960550,0.5698924731182796
126325300,0.5698924731182796
126606243,0.5698924731182796
126767982,0.5698924731182796
127813152,0.5698924731182796
127844254,0.5698924731182796
128264371,0.5698924731182796
129107065,0.5698924731182796
129111208,0.5698924731182796
129111209,0.5698924731182796
131666300,0.5698924731182796
132594401,0.5698924731182796
132594402,0.5698924731182796
132594704,0.5698924731182796
137277419,0.5698924731182796
137367770,0.5698924731182796
140912734,0.5698924731182796
146568231,0.5698924731182796
146568232,0.5698924731182796
146596062,0.5698924731182796
146596063,0.5698924731182796
146596064,0.5698924731182796
149965406,0.5698924731182796
149965407,0.5698924731182796
151490557,0.5698924731182796
151561928,0.5698924731182796
153081312,0.5698924731182796
153081313,0.5698924731182796
153081314,0.5698924731182796
153089556,0.5698924731182796
153320539,0.5698924731182796
159761371,0.5698924731182796
159761372,0.5698924731182796
159761373,0.5698924731182796
159761374,0.5698924731182796
159761375,0.5698924731182796
159761376,0.5698924731182796
159761377,0.5698924731182796
164747013,0.5698924731182796
165741780,0.5698924731182796
165742218,0.5698924731182796
165953870,0.5698924731182796
174109958,0.5698924731182796
175084352,0.5698924731182796
176110749,0.5698924731182796
176812290,0.5698924731182796
178426466,0.5698924731182796
179547412,0.5698924731182796
179547413,0.5698924731182796
179547414,0.5698924731182796
179547415,0.5698924731182796
179981577,0.5698924731182796
179982648,0.5698924731182796
179982649,0.5698924731182796
179982650,0.5698924731182796
179982651,0.5698924731182796
179982652,0.5698924731182796
179982653,0.5698924731182796
179982654,0.5698924731182796
179982655,0.5698924731182796
185591475,0.5698924731182796
185591476,0.5698924731182796
190561930,0.5698924731182796
192365034,0.5698924731182796
192808663,0.5698924731182796
192808665,0.5698924731182796
192809461,0.5698924731182796
192809463,0.5698924731182796
192809464,0.5698924731182796
192809468,0.5698924731182796
192809469,0.5698924731182796
193476537,0.5698924731182796
193476538,0.5698924731182796
193482013,0.5698924731182796
193482014,0.5698924731182796
193482015,0.5698924731182796
193482016,0.5698924731182796
193482017,0.5698924731182796
193484334,0.5698924731182796
193484335,0.5698924731182796
193484336,0.5698924731182796
193493879,0.5698924731182796
193509115,0.5698924731182796
193509116,0.5698924731182796
193516740,0.5698924731182796
193516741,0.5698924731182796
193516742,0.5698924731182796
193520445,0.5698924731182796
193520446,0.5698924731182796
193520447,0.5698924731182796
193520448,0.5698924731182796
193520449,0.5698924731182796
193520450,0.5698924731182796
193533502,0.5698924731182796
193533503,0.5698924731182796
193533504,0.5698924731182796
193533505,0.5698924731182796
193533506,0.5698924731182796
193533507,0.5698924731182796
193533508,0.5698924731182796
193533509,0.5698924731182796
193545885,0.5698924731182796
193549865,0.5698924731182796
193549866,0.5698924731182796
193549867,0.5698924731182796
193549868,0.5698924731182796
193549869,0.5698924731182796
193549870,0.5698924731182796
193549871,0.5698924731182796
193549872,0.5698924731182796
193549976,0.5698924731182796
193549977,0.5698924731182796
193557094,0.5698924731182796
193557095,0.5698924731182796
193563127,0.5698924731182796
193563128,0.5698924731182796
193563129,0.5698924731182796
193563130,0.5698924731182796
193563131,0.5698924731182796
193563132,0.5698924731182796
193563133,0.5698924731182796
193563134,0.5698924731182796
193563135,0.5698924731182796
193563136,0.5698924731182796
193563137,0.5698924731182796
193563138,0.5698924731182796
193563139,0.5698924731182796
193563140,0.5698924731182796
193570148,0.5698924731182796
193570149,0.5698924731182796
193570632,0.5698924731182796
193570633,0.5698924731182796
193570634,0.5698924731182796
193570635,0.5698924731182796
193570636,0.5698924731182796
193570637,0.5698924731182796
193570638,0.5698924731182796
193591524,0.5698924731182796
193792571,0.5698924731182796
193792572,0.5698924731182796
193792573,0.5698924731182796
193795230,0.5698924731182796
193795231,0.5698924731182796
193795232,0.5698924731182796
193795233,0.5698924731182796
193795234,0.5698924731182796
193795235,0.5698924731182796
193795236,0.5698924731182796
193795237,0.5698924731182796
193795238,0.5698924731182796
193795239,0.5698924731182796
193795240,0.5698924731182796
193795241,0.5698924731182796
193795242,0.5698924731182796
193815791,0.5698924731182796
193815792,0.5698924731182796
193815793,0.5698924731182796
194036690,0.5698924731182796
194929140,0.5698924731182796
194929141,0.5698924731182796
195038965,0.5698924731182796
198258801,0.5698924731182796
198258802,0.5698924731182796
198258803,0.5698924731182796
200172859,0.5698924731182796
200172860,0.5698924731182796
200498924,0.5698924731182796
200498925,0.5698924731182796
200498926,0.5698924731182796
201478555,0.5698924731182796
202057097,0.5698924731182796
202798647,0.5698924731182796
204343072,0.5698924731182796
204343073,0.5698924731182796
207222596,0.5698924731182796
207222597,0.5698924731182796
210060582,0.5698924731182796
210277952,0.5698924731182796
211299443,0.5698924731182796
211299444,0.5698924731182796
211299445,0.5698924731182796
211299446,0.5698924731182796
211299447,0.5698924731182796
211299448,0.5698924731182796
211299449,0.5698924731182796
211299450,0.5698924731182796
211299451,0.5698924731182796
211299452,0.5698924731182796
211299453,0.5698924731182796
211299454,0.5698924731182796
211299455,0.5698924731182796
211299456,0.5698924731182796
211313041,0.5698924731182796
212266647,0.5698924731182796
213992976,0.5698924731182796
215205006,0.5698924731182796
215205007,0.5698924731182796
215205047,0.5698924731182796
215205048,0.5698924731182796
215205049,0.5698924731182796
215205214,0.5698924731182796
215205217,0.5698924731182796
215205223,0.5698924731182796
224014947,0.5698924731182796
224014948,0.5698924731182796
224014949,0.5698924731182796
224014950,0.5698924731182796
224042200,0.5698924731182796
224042201,0.5698924731182796
224042202,0.5698924731182796
229041981,0.5698924731182796
230358798,0.5698924731182796
230358799,0.5698924731182796
230359104,0.5698924731182796
230359105,0.5698924731182796
230359106,0.5698924731182796
230359107,0.5698924731182796
230359108,0.5698924731182796
230359109,0.5698924731182796
230359110,0.5698924731182796
230359111,0.5698924731182796
230359112,0.5698924731182796
230359113,0.5698924731182796
230359114,0.5698924731182796
230359115,0.5698924731182796
230359116,0.5698924731182796
230359117,0.5698924731182796
230359118,0.5698924731182796
230359119,0.5698924731182796
230359120,0.5698924731182796
230360469,0.5698924731182796
230360470,0.5698924731182796
230360471,0.5698924731182796
230360472,0.5698924731182796
230367587,0.5698924731182796
230367588,0.5698924731182796
230367589,0.5698924731182796
230371154,0.5698924731182796
230371155,0.5698924731182796
230371156,0.5698924731182796
230371157,0.5698924731182796
230371158,0.5698924731182796
230371159,0.5698924731182796
230371160,0.5698924731182796
230371161,0.5698924731182796
230371162,0.5698924731182796
230374284,0.5698924731182796
230374285,0.5698924731182796
230374286,0.5698924731182796
230374288,0.5698924731182796
230374289,0.5698924731182796
230374290,0.5698924731182796
230377741,0.5698924731182796
230377742,0.5698924731182796
230377743,0.5698924731182796
230377744,0.5698924731182796
230377745,0.5698924731182796
230380789,0.5698924731182796
230380790,0.5698924731182796
230380791,0.5698924731182796
230380792,0.5698924731182796
230380793,0.5698924731182796
230380794,0.5698924731182796
230380795,0.5698924731182796
230380796,0.5698924731182796
230380797,0.5698924731182796
230380798,0.5698924731182796
230380799,0.5698924731182796
230380800,0.5698924731182796
230380801,0.5698924731182796
230380802,0.5698924731182796
230390834,0.5698924731182796
230390836,0.5698924731182796
230390838,0.5698924731182796
230395772,0.5698924731182796
230395773,0.5698924731182796
230395774,0.5698924731182796
230565963,0.5698924731182796
230565964,0.5698924731182796
230565965,0.5698924731182796
230565966,0.5698924731182796
230565967,0.5698924731182796
230565968,0.5698924731182796
230565969,0.5698924731182796
230565970,0.5698924731182796
230565971,0.5698924731182796
230565972,0.5698924731182796
230565973,0.5698924731182796
230565974,0.5698924731182796
230565975,0.5698924731182796
230565976,0.5698924731182796
230565977,0.5698924731182796
230565978,0.5698924731182796
230565979,0.5698924731182796
230565980,0.5698924731182796
230565981,0.5698924731182796
230565982,0.5698924731182796
230565983,0.5698924731182796
230565984,0.5698924731182796
230565985,0.5698924731182796
230565986,0.5698924731182796
230565987,0.5698924731182796
230565988,0.5698924731182796
230565989,0.5698924731182796
230565990,0.5698924731182796
230565991,0.5698924731182796
230565992,0.5698924731182796
230565993,0.5698924731182796
230565994,0.5698924731182796
230565995,0.5698924731182796
230565996,0.5698924731182796
230565997,0.5698924731182796
230566434,0.5698924731182796
230566435,0.5698924731182796
230566436,0.5698924731182796
230566437,0.5698924731182796
232142333,0.5698924731182796
232880986,0.5698924731182796
232880987,0.5698924731182796
236150642,0.5698924731182796
236338183,0.5698924731182796
236528712,0.5698924731182796
236644180,0.5698924731182796
236644863,0.5698924731182796
238730144,0.5698924731182796
258781031,0.5698924731182796
260883656,0.5698924731182796
260884374,0.5698924731182796
260884375,0.5698924731182796
260884376,0.5698924731182796
260884377,0.5698924731182796
260887483,0.5698924731182796
260887484,0.5698924731182796
260887485,0.5698924731182796
260887486,0.5698924731182796
260887487,0.5698924731182796
260887488,0.5698924731182796
260887489,0.5698924731182796
260887490,0.5698924731182796
260887491,0.5698924731182796
260887492,0.5698924731182796
260887493,0.5698924731182796
260887494,0.5698924731182796
261936134,0.5698924731182796
262036100,0.5698924731182796
262818221,0.5698924731182796
262818222,0.5698924731182796
262818223,0.5698924731182796
262818224,0.5698924731182796
262818225,0.5698924731182796
262818226,0.5698924731182796
262818227,0.5698924731182796
262818228,0.5698924731182796
262818229,0.5698924731182796
262856199,0.5698924731182796
262856200,0.5698924731182796
262856201,0.5698924731182796
262856202,0.5698924731182796
262857550,0.5698924731182796
262857551,0.5698924731182796
262857552,0.5698924731182796
262857553,0.5698924731182796
262857554,0.5698924731182796
262857555,0.5698924731182796
262857789,0.5698924731182796
262859598,0.5698924731182796
262859599,0.5698924731182796
262859600,0.5698924731182796
262859601,0.5698924731182796
262863726,0.5698924731182796
262863727,0.5698924731182796
262863728,0.5698924731182796
262863729,0.5698924731182796
262863730,0.5698924731182796
262863731,0.5698924731182796
262863733,0.5698924731182796
262863734,0.5698924731182796
262864731,0.5698924731182796
262864732,0.5698924731182796
263450415,0.5698924731182796
263450417,0.5698924731182796
263450418,0.5698924731182796
263450419,0.5698924731182796
268469950,0.5698924731182796
268469952,0.5698924731182796
268469953,0.5698924731182796
268469954,0.5698924731182796
268469955,0.5698924731182796
268469956,0.5698924731182796
268470423,0.5698924731182796
268470881,0.5698924731182796
268471638,0.5698924731182796
268471639,0.5698924731182796
268471640,0.5698924731182796
269085280,0.5698924731182796
269090299,0.5698924731182796
269090300,0.5698924731182796
269092135,0.5698924731182796
269093966,0.5698924731182796
269097038,0.5698924731182796
269097039,0.5698924731182796
269097040,0.5698924731182796
269097041,0.5698924731182796
269097043,0.5698924731182796
269097044,0.5698924731182796
269097045,0.5698924731182796
269097046,0.5698924731182796
269097047,0.5698924731182796
269097048,0.5698924731182796
269097049,0.5698924731182796
269097050,0.5698924731182796
269097052,0.5698924731182796
269097053,0.5698924731182796
269097054,0.5698924731182796
269101400,0.5698924731182796
269101401,0.5698924731182796
269101402,0.5698924731182796
269101403,0.5698924731182796
269617775,0.5698924731182796
269617776,0.5698924731182796
269617777,0.5698924731182796
269617778,0.5698924731182796
269617783,0.5698924731182796
271042517,0.5698924731182796
271042518,0.5698924731182796
271042519,0.5698924731182796
276388862,0.5698924731182796
277469508,0.5698924731182796
277469509,0.5698924731182796
281379543,0.5698924731182796
284346683,0.5698924731182796
285966536,0.5698924731182796
288021177,0.5698924731182796
289557704,0.5698924731182796
289557705,0.5698924731182796
289563645,0.5698924731182796
289563646,0.5698924731182796
289563647,0.5698924731182796
290226687,0.5698924731182796
292265069,0.5698924731182796
292785688,0.5698924731182796
300960691,0.5698924731182796
303336341,0.5698924731182796
304938513,0.5698924731182796
304938514,0.5698924731182796
304938515,0.5698924731182796
304939642,0.5698924731182796
305322272,0.5698924731182796
309102855,0.5698924731182796
309461794,0.5698924731182796
311132611,0.5698924731182796
313101810,0.5698924731182796
313112692,0.5698924731182796
313119860,0.5698924731182796
313124852,0.5698924731182796
313942223,0.5698924731182796
314548131,0.5698924731182796
314961233,0.5698924731182796
315669827,0.5698924731182796
316202408,0.5698924731182796
316207431,0.5698924731182796
316459083,0.5698924731182796
316762175,0.5698924731182796
317725627,0.5698924731182796
319075055,0.5698924731182796
319075056,0.5698924731182796
327986354,0.5698924731182796
329250449,0.5698924731182796
331876508,0.5698924731182796
331876509,0.5698924731182796
331876510,0.5698924731182796
332081026,0.5698924731182796
332107735,0.5698924731182796
333226368,0.5698924731182796
333316438,0.5698924731182796
333316439,0.5698924731182796
333316440,0.5698924731182796
333316441,0.5698924731182796
333520835,0.5698924731182796
337045998,0.5698924731182796
338261315,0.5698924731182796
341078864,0.5698924731182796
343046693,0.5698924731182796
344499417,0.5698924731182796
345589453,0.5698924731182796
345589454,0.5698924731182796
345589455,0.5698924731182796
345589456,0.5698924731182796
345589457,0.5698924731182796
345589458,0.5698924731182796
345936831,0.5698924731182796
346638853,0.5698924731182796
346638854,0.5698924731182796
346638855,0.5698924731182796
346638856,0.5698924731182796
346638857,0.5698924731182796
347435080,0.5698924731182796
348498347,0.5698924731182796
348822495,0.5698924731182796
350344577,0.5698924731182796
350375938,0.5698924731182796
354361002,0.5698924731182796
369334706,0.5698924731182796
376970163,0.5698924731182796
376970164,0.5698924731182796
376991599,0.5698924731182796
376991600,0.5698924731182796
43768232,0.5698924731182796
43768233,0.5698924731182796
43768235,0.5698924731182796
43768236,0.5698924731182796
43768237,0.5698924731182796
43768238,0.5698924731182796
43768239,0.5698924731182796
43768240,0.5698924731182796
43768244,0.5698924731182796
43768268,0.5698924731182796
43768270,0.5698924731182796
43768271,0.5698924731182796
43768272,0.5698924731182796
43768274,0.5698924731182796
43768282,0.5698924731182796
43768287,0.5698924731182796
43768293,0.5698924731182796
43768294,0.5698924731182796
43768302,0.5698924731182796
43768303,0.5698924731182796
43768307,0.5698924731182796
43768310,0.5698924731182796
43768311,0.5698924731182796
43768316,0.5698924731182796
43768318,0.5698924731182796
43768323,0.5698924731182796
43768324,0.5698924731182796
43768326,0.5698924731182796
43768330,0.5698924731182796
43768332,0.5698924731182796
43768333,0.5698924731182796
43768340,0.5698924731182796
43768348,0.5698924731182796
43768359,0.5698924731182796
43768360,0.5698924731182796
43768361,0.5698924731182796
43768366,0.5698924731182796
43768370,0.5698924731182796
43768378,0.5698924731182796
43768382,0.5698924731182796
43768384,0.5698924731182796
43768385,0.5698924731182796
43768386,0.5698924731182796
43768387,0.5698924731182796
43768390,0.5698924731182796
43768391,0.5698924731182796
43768395,0.5698924731182796
43768405,0.5698924731182796
43768424,0.5698924731182796
43768427,0.5698924731182796
43768430,0.5698924731182796
43768441,0.5698924731182796
43768443,0.5698924731182796
43768445,0.5698924731182796
43768450,0.5698924731182796
43768460,0.5698924731182796
43768472,0.5698924731182796
43768475,0.5698924731182796
43768478,0.5698924731182796
43768481,0.5698924731182796
43768482,0.5698924731182796
43768501,0.5698924731182796
43768503,0.5698924731182796
43768507,0.5698924731182796
43768508,0.5698924731182796
43768513,0.5698924731182796
43768516,0.5698924731182796
43768521,0.5698924731182796
43768530,0.5698924731182796
43768532,0.5698924731182796
43768546,0.5698924731182796
43768551,0.5698924731182796
43768555,0.5698924731182796
43768558,0.5698924731182796
43768559,0.5698924731182796
43768563,0.5698924731182796
43768568,0.5698924731182796
43768574,0.5698924731182796
43768586,0.5698924731182796
43768622,0.5698924731182796
43768632,0.5698924731182796
43768637,0.5698924731182796
43768649,0.5698924731182796
43768657,0.5698924731182796
43768660,0.5698924731182796
43768669,0.5698924731182796
43768673,0.5698924731182796
43768674,0.5698924731182796
43768681,0.5698924731182796
43768683,0.5698924731182796
43768685,0.5698924731182796
43768687,0.5698924731182796
43768692,0.5698924731182796
43768698,0.5698924731182796
43768699,0.5698924731182796
43768702,0.5698924731182796
43768713,0.5698924731182796
43768719,0.5698924731182796
43768720,0.5698924731182796
43768735,0.5698924731182796
43768740,0.5698924731182796
43768770,0.5698924731182796
43768771,0.5698924731182796
43768786,0.5698924731182796
43768804,0.5698924731182796
43768806,0.5698924731182796
43786925,0.5698924731182796
43786926,0.5698924731182796
43787620,0.5698924731182796
43787621,0.5698924731182796
43968706,0.5698924731182796
43968713,0.5698924731182796
43968715,0.5698924731182796
43968721,0.5698924731182796
43968724,0.5698924731182796
43968727,0.5698924731182796
43968736,0.5698924731182796
43968748,0.5698924731182796
43968750,0.5698924731182796
43968783,0.5698924731182796
43968810,0.5698924731182796
43968818,0.5698924731182796
43968822,0.5698924731182796
44025900,0.5698924731182796
44028970,0.5698924731182796
44042531,0.5698924731182796
44042532,0.5698924731182796
44042533,0.5698924731182796
44067644,0.5698924731182796
44068928,0.5698924731182796
44070080,0.5698924731182796
44070086,0.5698924731182796
44071911,0.5698924731182796
44072192,0.5698924731182796
44072609,0.5698924731182796
44072613,0.5698924731182796
44073248,0.5698924731182796
44073249,0.5698924731182796
44089207,0.5698924731182796
44090449,0.5698924731182796
44093075,0.5698924731182796
44093682,0.5698924731182796
44093683,0.5698924731182796
44164897,0.5698924731182796
44164904,0.5698924731182796
44164913,0.5698924731182796
44164922,0.5698924731182796
44164923,0.5698924731182796
44164929,0.5698924731182796
44164945,0.5698924731182796
44164947,0.5698924731182796
44164960,0.5698924731182796
44164964,0.5698924731182796
44164968,0.5698924731182796
44164969,0.5698924731182796
44164970,0.5698924731182796
44164971,0.5698924731182796
44164974,0.5698924731182796
44164976,0.5698924731182796
44164978,0.5698924731182796
44164980,0.5698924731182796
44164986,0.5698924731182796
44164992,0.5698924731182796
44164993,0.5698924731182796
44164994,0.5698924731182796
44164996,0.5698924731182796
44164997,0.5698924731182796
44164998,0.5698924731182796
44164999,0.5698924731182796
44165007,0.5698924731182796
44165028,0.5698924731182796
44165032,0.5698924731182796
44165037,0.5698924731182796
44165047,0.5698924731182796
44165055,0.5698924731182796
44165057,0.5698924731182796
44165059,0.5698924731182796
44165060,0.5698924731182796
44165061,0.5698924731182796
44165062,0.5698924731182796
44165065,0.5698924731182796
44165070,0.5698924731182796
44165074,0.5698924731182796
44165081,0.5698924731182796
44165085,0.5698924731182796
44165093,0.5698924731182796
44165113,0.5698924731182796
44165126,0.5698924731182796
44165129,0.5698924731182796
44165139,0.5698924731182796
44165146,0.5698924731182796
44165150,0.5698924731182796
44165160,0.5698924731182796
44165166,0.5698924731182796
44165168,0.5698924731182796
44165171,0.5698924731182796
44165176,0.5698924731182796
44165177,0.5698924731182796
44165179,0.5698924731182796
44165180,0.5698924731182796
44165187,0.5698924731182796
44165189,0.5698924731182796
44165196,0.5698924731182796
44165200,0.5698924731182796
44165221,0.5698924731182796
44165222,0.5698924731182796
44165224,0.5698924731182796
44165225,0.5698924731182796
44165231,0.5698924731182796
44165235,0.5698924731182796
44165237,0.5698924731182796
44165239,0.5698924731182796
44165241,0.5698924731182796
44165243,0.5698924731182796
44165244,0.5698924731182796
44165246,0.5698924731182796
44165250,0.5698924731182796
44165251,0.5698924731182796
44165253,0.5698924731182796
44165254,0.5698924731182796
44165260,0.5698924731182796
44165280,0.5698924731182796
44165281,0.5698924731182796
44165296,0.5698924731182796
44165303,0.5698924731182796
44165309,0.5698924731182796
44165312,0.5698924731182796
44165314,0.5698924731182796
44165315,0.5698924731182796
44165316,0.5698924731182796
44165320,0.5698924731182796
44165321,0.5698924731182796
44165322,0.5698924731182796
44165331,0.5698924731182796
44165336,0.5698924731182796
44165337,0.5698924731182796
44165341,0.5698924731182796
44165348,0.5698924731182796
44165379,0.5698924731182796
44165380,0.5698924731182796
44165381,0.5698924731182796
44165382,0.5698924731182796
44165384,0.5698924731182796
44165388,0.5698924731182796
44165391,0.5698924731182796
44165394,0.5698924731182796
44165395,0.5698924731182796
44165396,0.5698924731182796
44165411,0.5698924731182796
44165412,0.5698924731182796
44165417,0.5698924731182796
44165418,0.5698924731182796
44165421,0.5698924731182796
44165426,0.5698924731182796
44165440,0.5698924731182796
44165441,0.5698924731182796
44165445,0.5698924731182796
44165452,0.5698924731182796
44165455,0.5698924731182796
44165460,0.5698924731182796
44165464,0.5698924731182796
44165479,0.5698924731182796
44165481,0.5698924731182796
44165488,0.5698924731182796
44165491,0.5698924731182796
44387647,0.5698924731182796
44387648,0.5698924731182796
44387650,0.5698924731182796
44387652,0.5698924731182796
44387653,0.5698924731182796
44387659,0.5698924731182796
44387666,0.5698924731182796
44387683,0.5698924731182796
44387685,0.5698924731182796
44387691,0.5698924731182796
44387692,0.5698924731182796
44387701,0.5698924731182796
44387723,0.5698924731182796
44387732,0.5698924731182796
44389049,0.5698924731182796
44390812,0.5698924731182796
44394145,0.5698924731182796
44395220,0.5698924731182796
44395222,0.5698924731182796
44422791,0.5698924731182796
44423222,0.5698924731182796
44427617,0.5698924731182796
44428471,0.5698924731182796
44491096,0.5698924731182796
44620645,0.5698924731182796
44673425,0.5698924731182796
44675766,0.5698924731182796
44675768,0.5698924731182796
44681151,0.5698924731182796
44684562,0.5698924731182796
44690994,0.5698924731182796
44733641,0.5698924731182796
44733642,0.5698924731182796
44733643,0.5698924731182796
44733675,0.5698924731182796
44733676,0.5698924731182796
44733677,0.5698924731182796
44733698,0.5698924731182796
44733701,0.5698924731182796
44734264,0.5698924731182796
44734500,0.5698924731182796
44734502,0.5698924731182796
44734504,0.5698924731182796
44734505,0.5698924731182796
44734507,0.5698924731182796
44734517,0.5698924731182796
44739394,0.5698924731182796
44739405,0.5698924731182796
44739642,0.5698924731182796
44782324,0.5698924731182796
44782325,0.5698924731182796
44782328,0.5698924731182796
44782329,0.5698924731182796
44782330,0.5698924731182796
44782331,0.5698924731182796
44782336,0.5698924731182796
44782337,0.5698924731182796
44782345,0.5698924731182796
44782348,0.5698924731182796
44782350,0.5698924731182796
44782353,0.5698924731182796
44782359,0.5698924731182796
44782360,0.5698924731182796
44782361,0.5698924731182796
44782362,0.5698924731182796
44782363,0.5698924731182796
44782364,0.5698924731182796
44782365,0.5698924731182796
44782368,0.5698924731182796
44782370,0.5698924731182796
44782371,0.5698924731182796
44782372,0.5698924731182796
44782373,0.5698924731182796
44782374,0.5698924731182796
44782375,0.5698924731182796
44782378,0.5698924731182796
44782382,0.5698924731182796
44782383,0.5698924731182796
44782390,0.5698924731182796
44782392,0.5698924731182796
44782393,0.5698924731182796
44782395,0.5698924731182796
44782400,0.5698924731182796
44782405,0.5698924731182796
44782408,0.5698924731182796
44782409,0.5698924731182796
44782410,0.5698924731182796
44782411,0.5698924731182796
44782412,0.5698924731182796
44782413,0.5698924731182796
44782415,0.5698924731182796
44782416,0.5698924731182796
44782419,0.5698924731182796
44782421,0.5698924731182796
44782422,0.5698924731182796
44782429,0.5698924731182796
44782431,0.5698924731182796
44782432,0.5698924731182796
44782433,0.5698924731182796
44782434,0.5698924731182796
44782440,0.5698924731182796
44782441,0.5698924731182796
44782442,0.5698924731182796
44782446,0.5698924731182796
44782447,0.5698924731182796
44782448,0.5698924731182796
44782449,0.5698924731182796
44782450,0.5698924731182796
44782454,0.5698924731182796
44782456,0.5698924731182796
44782463,0.5698924731182796
44782473,0.5698924731182796
44782476,0.5698924731182796
44782479,0.5698924731182796
44782485,0.5698924731182796
44782486,0.5698924731182796
44782493,0.5698924731182796
44782494,0.5698924731182796
44782504,0.5698924731182796
44782540,0.5698924731182796
44782543,0.5698924731182796
44782544,0.5698924731182796
44782576,0.5698924731182796
44782577,0.5698924731182796
44782578,0.5698924731182796
44782579,0.5698924731182796
44782581,0.5698924731182796
44782582,0.5698924731182796
44782583,0.5698924731182796
44782584,0.5698924731182796
44782585,0.5698924731182796
44782588,0.5698924731182796
44782590,0.5698924731182796
44782593,0.5698924731182796
44782596,0.5698924731182796
44782603,0.5698924731182796
44782608,0.5698924731182796
44782611,0.5698924731182796
44782614,0.5698924731182796
44782624,0.5698924731182796
44782629,0.5698924731182796
44782633,0.5698924731182796
44782635,0.5698924731182796
44782640,0.5698924731182796
44782641,0.5698924731182796
44782643,0.5698924731182796
44782645,0.5698924731182796
44782646,0.5698924731182796
44782648,0.5698924731182796
44782649,0.5698924731182796
44782650,0.5698924731182796
44782651,0.5698924731182796
44782655,0.5698924731182796
44782658,0.5698924731182796
44782659,0.5698924731182796
44782661,0.5698924731182796
44782665,0.5698924731182796
44782666,0.5698924731182796
44782671,0.5698924731182796
44782672,0.5698924731182796
44782673,0.5698924731182796
44782674,0.5698924731182796
44782677,0.5698924731182796
44782679,0.5698924731182796
44782680,0.5698924731182796
44782682,0.5698924731182796
44782686,0.5698924731182796
44782687,0.5698924731182796
44782692,0.5698924731182796
44782694,0.5698924731182796
44782695,0.5698924731182796
44782696,0.5698924731182796
44782697,0.5698924731182796
44782702,0.5698924731182796
44782712,0.5698924731182796
44782718,0.5698924731182796
44782731,0.5698924731182796
44782742,0.5698924731182796
44782744,0.5698924731182796
44782746,0.5698924731182796
44782748,0.5698924731182796
44782751,0.5698924731182796
44782752,0.5698924731182796
44782757,0.5698924731182796
44782758,0.5698924731182796
44782759,0.5698924731182796
44782762,0.5698924731182796
44782763,0.5698924731182796
44782766,0.5698924731182796
44782769,0.5698924731182796
44782770,0.5698924731182796
44782771,0.5698924731182796
44782773,0.5698924731182796
44782777,0.5698924731182796
44782781,0.5698924731182796
44782783,0.5698924731182796
44782786,0.5698924731182796
44782795,0.5698924731182796
44782796,0.5698924731182796
44782804,0.5698924731182796
44782810,0.5698924731182796
44782811,0.5698924731182796
44782812,0.5698924731182796
44782814,0.5698924731182796
44782815,0.5698924731182796
44782816,0.5698924731182796
44782829,0.5698924731182796
44782836,0.5698924731182796
44782838,0.5698924731182796
44782840,0.5698924731182796
44782841,0.5698924731182796
44782843,0.5698924731182796
44782844,0.5698924731182796
44782847,0.5698924731182796
44782849,0.5698924731182796
44782851,0.5698924731182796
44782853,0.5698924731182796
44782875,0.5698924731182796
44782878,0.5698924731182796
44782882,0.5698924731182796
44782884,0.5698924731182796
44782885,0.5698924731182796
44782886,0.5698924731182796
44782887,0.5698924731182796
44782889,0.5698924731182796
44782890,0.5698924731182796
44782891,0.5698924731182796
44782892,0.5698924731182796
44782893,0.5698924731182796
44782895,0.5698924731182796
44782896,0.5698924731182796
44782897,0.5698924731182796
44782903,0.5698924731182796
44782920,0.5698924731182796
44782926,0.5698924731182796
44782927,0.5698924731182796
44782928,0.5698924731182796
44782930,0.5698924731182796
44782932,0.5698924731182796
44782933,0.5698924731182796
44782935,0.5698924731182796
44782936,0.5698924731182796
44782937,0.5698924731182796
44782938,0.5698924731182796
44782939,0.5698924731182796
44782940,0.5698924731182796
44782944,0.5698924731182796
44782950,0.5698924731182796
44782954,0.5698924731182796
44782957,0.5698924731182796
44782963,0.5698924731182796
44782980,0.5698924731182796
44782995,0.5698924731182796
44782998,0.5698924731182796
44783000,0.5698924731182796
44783001,0.5698924731182796
44783002,0.5698924731182796
44783003,0.5698924731182796
44783008,0.5698924731182796
44783013,0.5698924731182796
44783018,0.5698924731182796
44783027,0.5698924731182796
44783031,0.5698924731182796
44783037,0.5698924731182796
44783041,0.5698924731182796
44783044,0.5698924731182796
44783047,0.5698924731182796
44783050,0.5698924731182796
44783053,0.5698924731182796
44783054,0.5698924731182796
44783056,0.5698924731182796
44783062,0.5698924731182796
44783066,0.5698924731182796
44783070,0.5698924731182796
44783072,0.5698924731182796
44783073,0.5698924731182796
44783075,0.5698924731182796
44783077,0.5698924731182796
44783078,0.5698924731182796
44783083,0.5698924731182796
44783091,0.5698924731182796
44783092,0.5698924731182796
44783096,0.5698924731182796
44783097,0.5698924731182796
44783100,0.5698924731182796
44783105,0.5698924731182796
44783108,0.5698924731182796
44783109,0.5698924731182796
44783113,0.5698924731182796
44783118,0.5698924731182796
44783119,0.5698924731182796
44783120,0.5698924731182796
44783124,0.5698924731182796
44783125,0.5698924731182796
44783127,0.5698924731182796
44783133,0.5698924731182796
44783134,0.5698924731182796
44783136,0.5698924731182796
44783140,0.5698924731182796
44783141,0.5698924731182796
44783142,0.5698924731182796
44783152,0.5698924731182796
44783157,0.5698924731182796
44783162,0.5698924731182796
44783163,0.5698924731182796
44783164,0.5698924731182796
44783174,0.5698924731182796
44783179,0.5698924731182796
44783182,0.5698924731182796
44783186,0.5698924731182796
44783187,0.5698924731182796
44783188,0.5698924731182796
44783193,0.5698924731182796
44783194,0.5698924731182796
44783195,0.5698924731182796
44783198,0.5698924731182796
44783205,0.5698924731182796
44783206,0.5698924731182796
44783207,0.5698924731182796
44783208,0.5698924731182796
44783212,0.5698924731182796
44783213,0.5698924731182796
44783214,0.5698924731182796
44783221,0.5698924731182796
44783222,0.5698924731182796
44783223,0.5698924731182796
44783225,0.5698924731182796
44783226,0.5698924731182796
44783232,0.5698924731182796
44783234,0.5698924731182796
44783240,0.5698924731182796
44783242,0.5698924731182796
44783243,0.5698924731182796
44783247,0.5698924731182796
44783253,0.5698924731182796
44783255,0.5698924731182796
44783260,0.5698924731182796
44783263,0.5698924731182796
44783265,0.5698924731182796
44783266,0.5698924731182796
44783267,0.5698924731182796
44783269,0.5698924731182796
44783270,0.5698924731182796
44783274,0.5698924731182796
44783275,0.5698924731182796
44783277,0.5698924731182796
44783278,0.5698924731182796
44783279,0.5698924731182796
44783280,0.5698924731182796
44783281,0.5698924731182796
44783282,0.5698924731182796
44783284,0.5698924731182796
44783285,0.5698924731182796
44783287,0.5698924731182796
44783288,0.5698924731182796
44783292,0.5698924731182796
44783293,0.5698924731182796
44783304,0.5698924731182796
44783321,0.5698924731182796
44783328,0.5698924731182796
44783335,0.5698924731182796
44783336,0.5698924731182796
44783341,0.5698924731182796
44783342,0.5698924731182796
44783343,0.5698924731182796
44783344,0.5698924731182796
44783345,0.5698924731182796
44783351,0.5698924731182796
44783355,0.5698924731182796
44783357,0.5698924731182796
44783362,0.5698924731182796
44783366,0.5698924731182796
44783369,0.5698924731182796
44783382,0.5698924731182796
44783384,0.5698924731182796
44783385,0.5698924731182796
44783387,0.5698924731182796
44783393,0.5698924731182796
44783395,0.5698924731182796
44783398,0.5698924731182796
44783399,0.5698924731182796
44783401,0.5698924731182796
44783402,0.5698924731182796
44783404,0.5698924731182796
44783411,0.5698924731182796
44783412,0.5698924731182796
44783415,0.5698924731182796
44783416,0.5698924731182796
44783418,0.5698924731182796
44783419,0.5698924731182796
44783420,0.5698924731182796
44783422,0.5698924731182796
44783423,0.5698924731182796
44783424,0.5698924731182796
44783426,0.5698924731182796
44783427,0.5698924731182796
44783430,0.5698924731182796
44783432,0.5698924731182796
44783434,0.5698924731182796
44783437,0.5698924731182796
44783438,0.5698924731182796
44783439,0.5698924731182796
44783445,0.5698924731182796
44783446,0.5698924731182796
44783450,0.5698924731182796
44783452,0.5698924731182796
44783455,0.5698924731182796
44783456,0.5698924731182796
44783457,0.5698924731182796
44783458,0.5698924731182796
44783466,0.5698924731182796
44783470,0.5698924731182796
44783471,0.5698924731182796
44783472,0.5698924731182796
44783473,0.5698924731182796
44783476,0.5698924731182796
44783477,0.5698924731182796
44783484,0.5698924731182796
44783485,0.5698924731182796
44783486,0.5698924731182796
44783495,0.5698924731182796
44783496,0.5698924731182796
44783497,0.5698924731182796
44783498,0.5698924731182796
44783505,0.5698924731182796
44783508,0.5698924731182796
44783509,0.5698924731182796
44783510,0.5698924731182796
44783512,0.5698924731182796
44783517,0.5698924731182796
44783519,0.5698924731182796
44783521,0.5698924731182796
44783524,0.5698924731182796
44783526,0.5698924731182796
44783531,0.5698924731182796
44783532,0.5698924731182796
44783534,0.5698924731182796
44783536,0.5698924731182796
44783539,0.5698924731182796
44783540,0.5698924731182796
44783544,0.5698924731182796
44783545,0.5698924731182796
44783547,0.5698924731182796
44783548,0.5698924731182796
44783554,0.5698924731182796
44783558,0.5698924731182796
44783560,0.5698924731182796
44783561,0.5698924731182796
44783562,0.5698924731182796
44783564,0.5698924731182796
44783565,0.5698924731182796
44783566,0.5698924731182796
44783567,0.5698924731182796
44783571,0.5698924731182796
44783573,0.5698924731182796
44783575,0.5698924731182796
44783578,0.5698924731182796
44783582,0.5698924731182796
44783583,0.5698924731182796
44783584,0.5698924731182796
44783585,0.5698924731182796
44783589,0.5698924731182796
44783590,0.5698924731182796
44783592,0.5698924731182796
44783593,0.5698924731182796
44783594,0.5698924731182796
44783595,0.5698924731182796
44783598,0.5698924731182796
44783605,0.5698924731182796
44783606,0.5698924731182796
44783607,0.5698924731182796
44783610,0.5698924731182796
44783614,0.5698924731182796
44783616,0.5698924731182796
44783617,0.5698924731182796
44783618,0.5698924731182796
44783619,0.5698924731182796
44783620,0.5698924731182796
44783622,0.5698924731182796
44783623,0.5698924731182796
44783627,0.5698924731182796
44783628,0.5698924731182796
44783629,0.5698924731182796
44783631,0.5698924731182796
44783632,0.5698924731182796
44783636,0.5698924731182796
44783637,0.5698924731182796
44783639,0.5698924731182796
44783644,0.5698924731182796
44783645,0.5698924731182796
44783646,0.5698924731182796
44783647,0.5698924731182796
44783651,0.5698924731182796
44783654,0.5698924731182796
44783655,0.5698924731182796
44783657,0.5698924731182796
44783658,0.5698924731182796
44783666,0.5698924731182796
44783673,0.5698924731182796
44783674,0.5698924731182796
44783675,0.5698924731182796
44783678,0.5698924731182796
44783680,0.5698924731182796
44783681,0.5698924731182796
44783682,0.5698924731182796
44783684,0.5698924731182796
44783685,0.5698924731182796
44783690,0.5698924731182796
44783702,0.5698924731182796
44783703,0.5698924731182796
44783704,0.5698924731182796
44783707,0.5698924731182796
44783720,0.5698924731182796
44783721,0.5698924731182796
44783722,0.5698924731182796
44783726,0.5698924731182796
44783729,0.5698924731182796
44783730,0.5698924731182796
44783733,0.5698924731182796
44783734,0.5698924731182796
44783736,0.5698924731182796
44783737,0.5698924731182796
44783743,0.5698924731182796
44783745,0.5698924731182796
44783746,0.5698924731182796
44783747,0.5698924731182796
44783757,0.5698924731182796
44783759,0.5698924731182796
44783764,0.5698924731182796
44783769,0.5698924731182796
44783770,0.5698924731182796
44783781,0.5698924731182796
44783793,0.5698924731182796
44783796,0.5698924731182796
44783797,0.5698924731182796
44783799,0.5698924731182796
44783800,0.5698924731182796
44783804,0.5698924731182796
44783805,0.5698924731182796
44783807,0.5698924731182796
44783812,0.5698924731182796
44783813,0.5698924731182796
44783814,0.5698924731182796
44783816,0.5698924731182796
44783817,0.5698924731182796
44783820,0.5698924731182796
44783825,0.5698924731182796
44783832,0.5698924731182796
44783838,0.5698924731182796
44783845,0.5698924731182796
44783853,0.5698924731182796
44783864,0.5698924731182796
44783865,0.5698924731182796
44783868,0.5698924731182796
44783875,0.5698924731182796
44783876,0.5698924731182796
44783877,0.5698924731182796
44783880,0.5698924731182796
44783884,0.5698924731182796
44783889,0.5698924731182796
44783893,0.5698924731182796
44783896,0.5698924731182796
44783898,0.5698924731182796
44783899,0.5698924731182796
44783904,0.5698924731182796
44783905,0.5698924731182796
44783906,0.5698924731182796
44783907,0.5698924731182796
44783909,0.5698924731182796
44783910,0.5698924731182796
44783913,0.5698924731182796
44783914,0.5698924731182796
44783920,0.5698924731182796
44783923,0.5698924731182796
44783925,0.5698924731182796
44783927,0.5698924731182796
44783928,0.5698924731182796
44783929,0.5698924731182796
44783930,0.5698924731182796
44783932,0.5698924731182796
44783937,0.5698924731182796
44783944,0.5698924731182796
44783946,0.5698924731182796
44783952,0.5698924731182796
44783962,0.5698924731182796
44783963,0.5698924731182796
44783965,0.5698924731182796
44783966,0.5698924731182796
44783980,0.5698924731182796
44784000,0.5698924731182796
44784002,0.5698924731182796
44784004,0.5698924731182796
44784005,0.5698924731182796
44784007,0.5698924731182796
44784012,0.5698924731182796
44784015,0.5698924731182796
44784021,0.5698924731182796
44784024,0.5698924731182796
44784027,0.5698924731182796
44784029,0.5698924731182796
44784034,0.5698924731182796
44784037,0.5698924731182796
44784048,0.5698924731182796
44784050,0.5698924731182796
44784051,0.5698924731182796
44784052,0.5698924731182796
44784053,0.5698924731182796
44784056,0.5698924731182796
44784059,0.5698924731182796
44784063,0.5698924731182796
44784083,0.5698924731182796
44784085,0.5698924731182796
44784088,0.5698924731182796
44784089,0.5698924731182796
44784091,0.5698924731182796
44784093,0.5698924731182796
44784096,0.5698924731182796
44784097,0.5698924731182796
44784099,0.5698924731182796
44784100,0.5698924731182796
44784101,0.5698924731182796
44784104,0.5698924731182796
44784107,0.5698924731182796
44784108,0.5698924731182796
44784109,0.5698924731182796
44784115,0.5698924731182796
44784118,0.5698924731182796
44784119,0.5698924731182796
44784120,0.5698924731182796
44784122,0.5698924731182796
44784123,0.5698924731182796
44784125,0.5698924731182796
44784126,0.5698924731182796
44784127,0.5698924731182796
44784128,0.5698924731182796
44784132,0.5698924731182796
44784135,0.5698924731182796
44784137,0.5698924731182796
44784142,0.5698924731182796
44784150,0.5698924731182796
44784152,0.5698924731182796
44784155,0.5698924731182796
44784156,0.5698924731182796
44784165,0.5698924731182796
44784169,0.5698924731182796
44784172,0.5698924731182796
44784177,0.5698924731182796
44784184,0.5698924731182796
44784196,0.5698924731182796
44784206,0.5698924731182796
44784207,0.5698924731182796
44784209,0.5698924731182796
44784214,0.5698924731182796
44784220,0.5698924731182796
44784226,0.5698924731182796
44784227,0.5698924731182796
44784228,0.5698924731182796
44784233,0.5698924731182796
44784234,0.5698924731182796
44784235,0.5698924731182796
44784237,0.5698924731182796
44784238,0.5698924731182796
44784241,0.5698924731182796
44784243,0.5698924731182796
44784244,0.5698924731182796
44784248,0.5698924731182796
44784249,0.5698924731182796
44784251,0.5698924731182796
44784252,0.5698924731182796
44784255,0.5698924731182796
44784256,0.5698924731182796
44784258,0.5698924731182796
44784261,0.5698924731182796
44784274,0.5698924731182796
44784276,0.5698924731182796
44784277,0.5698924731182796
44784279,0.5698924731182796
44784288,0.5698924731182796
44784289,0.5698924731182796
44784292,0.5698924731182796
44784294,0.5698924731182796
44784296,0.5698924731182796
44784297,0.5698924731182796
44784305,0.5698924731182796
44784306,0.5698924731182796
44784307,0.5698924731182796
44784308,0.5698924731182796
44784311,0.5698924731182796
44784313,0.5698924731182796
44784314,0.5698924731182796
44784316,0.5698924731182796
44784317,0.5698924731182796
44784325,0.5698924731182796
44784326,0.5698924731182796
44784327,0.5698924731182796
44784329,0.5698924731182796
44784330,0.5698924731182796
44784331,0.5698924731182796
44784333,0.5698924731182796
44784334,0.5698924731182796
44784339,0.5698924731182796
44784340,0.5698924731182796
44784347,0.5698924731182796
44784350,0.5698924731182796
44784353,0.5698924731182796
44784355,0.5698924731182796
44784356,0.5698924731182796
44784358,0.5698924731182796
44784361,0.5698924731182796
44784362,0.5698924731182796
44784365,0.5698924731182796
44784375,0.5698924731182796
44784376,0.5698924731182796
44784377,0.5698924731182796
44784379,0.5698924731182796
44784386,0.5698924731182796
44784387,0.5698924731182796
44784389,0.5698924731182796
44784392,0.5698924731182796
44784394,0.5698924731182796
44784395,0.5698924731182796
44784397,0.5698924731182796
44784398,0.5698924731182796
44784403,0.5698924731182796
44784410,0.5698924731182796
44784413,0.5698924731182796
44784421,0.5698924731182796
44784423,0.5698924731182796
44784424,0.5698924731182796
44784428,0.5698924731182796
44784430,0.5698924731182796
44784431,0.5698924731182796
44784433,0.5698924731182796
44784434,0.5698924731182796
44784435,0.5698924731182796
44784437,0.5698924731182796
44784438,0.5698924731182796
44784442,0.5698924731182796
44784448,0.5698924731182796
44784449,0.5698924731182796
44784451,0.5698924731182796
44784454,0.5698924731182796
44784455,0.5698924731182796
44784456,0.5698924731182796
44784457,0.5698924731182796
44784459,0.5698924731182796
44784463,0.5698924731182796
44784469,0.5698924731182796
44784470,0.5698924731182796
44784471,0.5698924731182796
44784472,0.5698924731182796
44784473,0.5698924731182796
44784478,0.5698924731182796
44784482,0.5698924731182796
44784483,0.5698924731182796
44784484,0.5698924731182796
44784493,0.5698924731182796
44784495,0.5698924731182796
44784505,0.5698924731182796
44784506,0.5698924731182796
44784514,0.5698924731182796
44784515,0.5698924731182796
44784517,0.5698924731182796
44784518,0.5698924731182796
44784520,0.5698924731182796
44784527,0.5698924731182796
44784529,0.5698924731182796
44784532,0.5698924731182796
44784533,0.5698924731182796
44784536,0.5698924731182796
44784543,0.5698924731182796
44784545,0.5698924731182796
44784548,0.5698924731182796
44784562,0.5698924731182796
44784563,0.5698924731182796
44784571,0.5698924731182796
44784580,0.5698924731182796
44784583,0.5698924731182796
44784591,0.5698924731182796
44784595,0.5698924731182796
44784596,0.5698924731182796
44784598,0.5698924731182796
44784599,0.5698924731182796
44784601,0.5698924731182796
44784604,0.5698924731182796
44784610,0.5698924731182796
44784617,0.5698924731182796
44784618,0.5698924731182796
44784619,0.5698924731182796
44784622,0.5698924731182796
44784627,0.5698924731182796
44784629,0.5698924731182796
44784630,0.5698924731182796
45212069,0.5698924731182796
45212728,0.5698924731182796
45218696,0.5698924731182796
45221142,0.5698924731182796
45221143,0.5698924731182796
45221144,0.5698924731182796
45221145,0.5698924731182796
45221148,0.5698924731182796
45235848,0.5698924731182796
45235850,0.5698924731182796
45237157,0.5698924731182796
45237158,0.5698924731182796
45237159,0.5698924731182796
45238563,0.5698924731182796
45241660,0.5698924731182796
45247130,0.5698924731182796
45832796,0.5698924731182796
45832797,0.5698924731182796
45832798,0.5698924731182796
45832800,0.5698924731182796
45832807,0.5698924731182796
45832808,0.5698924731182796
45832810,0.5698924731182796
45832813,0.5698924731182796
45832814,0.5698924731182796
45832819,0.5698924731182796
45832820,0.5698924731182796
45832822,0.5698924731182796
45832827,0.5698924731182796
45832828,0.5698924731182796
45832830,0.5698924731182796
45832831,0.5698924731182796
45832832,0.5698924731182796
45832833,0.5698924731182796
45832834,0.5698924731182796
45832835,0.5698924731182796
45832836,0.5698924731182796
45832838,0.5698924731182796
45832839,0.5698924731182796
45832840,0.5698924731182796
45832841,0.5698924731182796
45832843,0.5698924731182796
45832844,0.5698924731182796
45832846,0.5698924731182796
45832847,0.5698924731182796
45832850,0.5698924731182796
45832851,0.5698924731182796
45832855,0.5698924731182796
45832857,0.5698924731182796
45832860,0.5698924731182796
45832867,0.5698924731182796
45832871,0.5698924731182796
45832898,0.5698924731182796
45832903,0.5698924731182796
45832917,0.5698924731182796
45832921,0.5698924731182796
45832924,0.5698924731182796
45832927,0.5698924731182796
45832930,0.5698924731182796
45832936,0.5698924731182796
45832937,0.5698924731182796
45832938,0.5698924731182796
45832939,0.5698924731182796
45832942,0.5698924731182796
45832943,0.5698924731182796
45832947,0.5698924731182796
45832950,0.5698924731182796
45832954,0.5698924731182796
45832957,0.5698924731182796
45832958,0.5698924731182796
45832962,0.5698924731182796
45832965,0.5698924731182796
45832966,0.5698924731182796
45832971,0.5698924731182796
45832972,0.5698924731182796
45832973,0.5698924731182796
45832983,0.5698924731182796
45832994,0.5698924731182796
45832998,0.5698924731182796
45833001,0.5698924731182796
45833004,0.5698924731182796
45833007,0.5698924731182796
45833010,0.5698924731182796
45833011,0.5698924731182796
45833012,0.5698924731182796
45833016,0.5698924731182796
45833018,0.5698924731182796
45833019,0.5698924731182796
45833023,0.5698924731182796
45833027,0.5698924731182796
45833028,0.5698924731182796
45833036,0.5698924731182796
45833042,0.5698924731182796
45833043,0.5698924731182796
45833048,0.5698924731182796
45833049,0.5698924731182796
45833050,0.5698924731182796
45833051,0.5698924731182796
45833052,0.5698924731182796
45833053,0.5698924731182796
45833054,0.5698924731182796
45833055,0.5698924731182796
45833056,0.5698924731182796
45833057,0.5698924731182796
45833058,0.5698924731182796
45833059,0.5698924731182796
45833061,0.5698924731182796
45833066,0.5698924731182796
45833067,0.5698924731182796
45833069,0.5698924731182796
45833070,0.5698924731182796
45833073,0.5698924731182796
45833075,0.5698924731182796
45833076,0.5698924731182796
45833079,0.5698924731182796
45833080,0.5698924731182796
45833085,0.5698924731182796
45833086,0.5698924731182796
45833089,0.5698924731182796
45833090,0.5698924731182796
45833092,0.5698924731182796
45833095,0.5698924731182796
45833102,0.5698924731182796
45833104,0.5698924731182796
45833107,0.5698924731182796
45833109,0.5698924731182796
45833116,0.5698924731182796
45833117,0.5698924731182796
45833118,0.5698924731182796
45833128,0.5698924731182796
45833131,0.5698924731182796
45833132,0.5698924731182796
45833134,0.5698924731182796
45833137,0.5698924731182796
45833141,0.5698924731182796
45833142,0.5698924731182796
45833144,0.5698924731182796
45833145,0.5698924731182796
45833146,0.5698924731182796
45833148,0.5698924731182796
45833149,0.5698924731182796
45833150,0.5698924731182796
45833152,0.5698924731182796
45833155,0.5698924731182796
45833156,0.5698924731182796
45833157,0.5698924731182796
45833160,0.5698924731182796
45833161,0.5698924731182796
45833164,0.5698924731182796
45833168,0.5698924731182796
45833171,0.5698924731182796
45833174,0.5698924731182796
45833179,0.5698924731182796
45833181,0.5698924731182796
45833186,0.5698924731182796
45833189,0.5698924731182796
45833196,0.5698924731182796
45833201,0.5698924731182796
45833202,0.5698924731182796
45833204,0.5698924731182796
45833206,0.5698924731182796
45833208,0.5698924731182796
45833211,0.5698924731182796
45833212,0.5698924731182796
45833213,0.5698924731182796
45833214,0.5698924731182796
45833216,0.5698924731182796
45833218,0.5698924731182796
45833220,0.5698924731182796
45833222,0.5698924731182796
45833223,0.5698924731182796
45833225,0.5698924731182796
45833227,0.5698924731182796
45833229,0.5698924731182796
45833230,0.5698924731182796
45833241,0.5698924731182796
45833246,0.5698924731182796
45833247,0.5698924731182796
45833254,0.5698924731182796
45833255,0.5698924731182796
45833256,0.5698924731182796
45833262,0.5698924731182796
45833269,0.5698924731182796
45833270,0.5698924731182796
45833272,0.5698924731182796
45833273,0.5698924731182796
45833276,0.5698924731182796
45833277,0.5698924731182796
45833278,0.5698924731182796
45833280,0.5698924731182796
45833284,0.5698924731182796
45833285,0.5698924731182796
45833287,0.5698924731182796
45833288,0.5698924731182796
45833289,0.5698924731182796
45833292,0.5698924731182796
45833293,0.5698924731182796
45833294,0.5698924731182796
45833295,0.5698924731182796
45833298,0.5698924731182796
45833300,0.5698924731182796
45833304,0.5698924731182796
45833306,0.5698924731182796
45833307,0.5698924731182796
45833308,0.5698924731182796
45833309,0.5698924731182796
45833313,0.5698924731182796
45833317,0.5698924731182796
45833318,0.5698924731182796
45833319,0.5698924731182796
45833320,0.5698924731182796
45833324,0.5698924731182796
45833325,0.5698924731182796
45833326,0.5698924731182796
45833327,0.5698924731182796
45833328,0.5698924731182796
45833333,0.5698924731182796
45833334,0.5698924731182796
45833335,0.5698924731182796
45833336,0.5698924731182796
45833337,0.5698924731182796
45833347,0.5698924731182796
45833348,0.5698924731182796
45833349,0.5698924731182796
45833350,0.5698924731182796
45833353,0.5698924731182796
45833355,0.5698924731182796
45833359,0.5698924731182796
45833365,0.5698924731182796
45833366,0.5698924731182796
45833367,0.5698924731182796
45833368,0.5698924731182796
45833372,0.5698924731182796
45833374,0.5698924731182796
45833380,0.5698924731182796
45833381,0.5698924731182796
45833382,0.5698924731182796
45833383,0.5698924731182796
45833385,0.5698924731182796
45833388,0.5698924731182796
45833393,0.5698924731182796
45833397,0.5698924731182796
45833398,0.5698924731182796
45833399,0.5698924731182796
45833400,0.5698924731182796
45833401,0.5698924731182796
45833402,0.5698924731182796
45833408,0.5698924731182796
45833412,0.5698924731182796
45833413,0.5698924731182796
45833414,0.5698924731182796
45833419,0.5698924731182796
45833421,0.5698924731182796
45833424,0.5698924731182796
45833425,0.5698924731182796
45833426,0.5698924731182796
45833427,0.5698924731182796
45833429,0.5698924731182796
45833431,0.5698924731182796
45833434,0.5698924731182796
45833435,0.5698924731182796
45833436,0.5698924731182796
45833438,0.5698924731182796
45833440,0.5698924731182796
45833444,0.5698924731182796
45833446,0.5698924731182796
45833450,0.5698924731182796
45833455,0.5698924731182796
45833467,0.5698924731182796
45833471,0.5698924731182796
45833472,0.5698924731182796
45833475,0.5698924731182796
45833476,0.5698924731182796
45833480,0.5698924731182796
45833482,0.5698924731182796
45833484,0.5698924731182796
45833488,0.5698924731182796
45833491,0.5698924731182796
45833492,0.5698924731182796
45833494,0.5698924731182796
45833495,0.5698924731182796
45833501,0.5698924731182796
45833505,0.5698924731182796
45833522,0.5698924731182796
45833524,0.5698924731182796
45833527,0.5698924731182796
45833534,0.5698924731182796
45833536,0.5698924731182796
45833537,0.5698924731182796
45833543,0.5698924731182796
45833547,0.5698924731182796
45833566,0.5698924731182796
45833571,0.5698924731182796
45833572,0.5698924731182796
45833573,0.5698924731182796
45833577,0.5698924731182796
45833578,0.5698924731182796
45833579,0.5698924731182796
45833581,0.5698924731182796
45833583,0.5698924731182796
45833586,0.5698924731182796
45833588,0.5698924731182796
45833590,0.5698924731182796
45833600,0.5698924731182796
45833603,0.5698924731182796
45833613,0.5698924731182796
45833616,0.5698924731182796
45833617,0.5698924731182796
45833618,0.5698924731182796
45833619,0.5698924731182796
45833620,0.5698924731182796
45833621,0.5698924731182796
45833623,0.5698924731182796
45833625,0.5698924731182796
45833627,0.5698924731182796
45833629,0.5698924731182796
45833636,0.5698924731182796
45833640,0.5698924731182796
45833644,0.5698924731182796
45833647,0.5698924731182796
45833651,0.5698924731182796
45833656,0.5698924731182796
45833658,0.5698924731182796
45833664,0.5698924731182796
45833666,0.5698924731182796
45833667,0.5698924731182796
45833674,0.5698924731182796
45833676,0.5698924731182796
45833678,0.5698924731182796
45833679,0.5698924731182796
45833685,0.5698924731182796
45833693,0.5698924731182796
45833694,0.5698924731182796
45833695,0.5698924731182796
45833696,0.5698924731182796
45833697,0.5698924731182796
45833698,0.5698924731182796
45833699,0.5698924731182796
45833704,0.5698924731182796
45833706,0.5698924731182796
45833707,0.5698924731182796
45833710,0.5698924731182796
45833711,0.5698924731182796
45833712,0.5698924731182796
45833714,0.5698924731182796
45833716,0.5698924731182796
45833717,0.5698924731182796
45833721,0.5698924731182796
45833725,0.5698924731182796
45833733,0.5698924731182796
45833743,0.5698924731182796
45833757,0.5698924731182796
45833763,0.5698924731182796
45833776,0.5698924731182796
45833779,0.5698924731182796
45833780,0.5698924731182796
45833782,0.5698924731182796
45833785,0.5698924731182796
45833786,0.5698924731182796
45833788,0.5698924731182796
45833789,0.5698924731182796
45833790,0.5698924731182796
45833792,0.5698924731182796
45833796,0.5698924731182796
45833797,0.5698924731182796
45833798,0.5698924731182796
45833801,0.5698924731182796
45833802,0.5698924731182796
45833805,0.5698924731182796
45833806,0.5698924731182796
45833808,0.5698924731182796
45833809,0.5698924731182796
45833810,0.5698924731182796
45833811,0.5698924731182796
45833812,0.5698924731182796
45833813,0.5698924731182796
45833816,0.5698924731182796
45833817,0.5698924731182796
45833820,0.5698924731182796
45833821,0.5698924731182796
45833822,0.5698924731182796
45833824,0.5698924731182796
45833825,0.5698924731182796
45833828,0.5698924731182796
45833831,0.5698924731182796
45833833,0.5698924731182796
45833834,0.5698924731182796
45833839,0.5698924731182796
45833841,0.5698924731182796
45833842,0.5698924731182796
45833856,0.5698924731182796
45833858,0.5698924731182796
45833859,0.5698924731182796
45833862,0.5698924731182796
45833863,0.5698924731182796
45833864,0.5698924731182796
45833865,0.5698924731182796
45833873,0.5698924731182796
45833878,0.5698924731182796
45833879,0.5698924731182796
45833880,0.5698924731182796
45833881,0.5698924731182796
45833883,0.5698924731182796
45833884,0.5698924731182796
45833886,0.5698924731182796
45833890,0.5698924731182796
45833892,0.5698924731182796
45833893,0.5698924731182796
45833896,0.5698924731182796
45833902,0.5698924731182796
45833904,0.5698924731182796
45833908,0.5698924731182796
45833912,0.5698924731182796
45833917,0.5698924731182796
45833919,0.5698924731182796
45833922,0.5698924731182796
45833923,0.5698924731182796
45833925,0.5698924731182796
45833927,0.5698924731182796
45833928,0.5698924731182796
45833929,0.5698924731182796
45833932,0.5698924731182796
45833937,0.5698924731182796
45833942,0.5698924731182796
45833944,0.5698924731182796
45833947,0.5698924731182796
45833952,0.5698924731182796
45833953,0.5698924731182796
45833954,0.5698924731182796
45833955,0.5698924731182796
45833959,0.5698924731182796
45833961,0.5698924731182796
45833982,0.5698924731182796
45833984,0.5698924731182796
45833990,0.5698924731182796
45833991,0.5698924731182796
45833997,0.5698924731182796
45834003,0.5698924731182796
45834004,0.5698924731182796
45834005,0.5698924731182796
45834015,0.5698924731182796
45834016,0.5698924731182796
45834027,0.5698924731182796
45834032,0.5698924731182796
45834033,0.5698924731182796
45834050,0.5698924731182796
45834055,0.5698924731182796
45834058,0.5698924731182796
45834060,0.5698924731182796
45834061,0.5698924731182796
45834070,0.5698924731182796
45834078,0.5698924731182796
45834087,0.5698924731182796
45834094,0.5698924731182796
45834097,0.5698924731182796
45834099,0.5698924731182796
45834100,0.5698924731182796
45834109,0.5698924731182796
45834116,0.5698924731182796
45834120,0.5698924731182796
45834122,0.5698924731182796
45834126,0.5698924731182796
45834129,0.5698924731182796
45834138,0.5698924731182796
45834139,0.5698924731182796
45834142,0.5698924731182796
45834145,0.5698924731182796
45834147,0.5698924731182796
45834149,0.5698924731182796
45834150,0.5698924731182796
45834152,0.5698924731182796
45834154,0.5698924731182796
45834157,0.5698924731182796
45834158,0.5698924731182796
45834159,0.5698924731182796
45834161,0.5698924731182796
45834162,0.5698924731182796
45834163,0.5698924731182796
45834165,0.5698924731182796
45834166,0.5698924731182796
45834167,0.5698924731182796
45834169,0.5698924731182796
45834170,0.5698924731182796
45834175,0.5698924731182796
45834180,0.5698924731182796
45834181,0.5698924731182796
45834182,0.5698924731182796
45834186,0.5698924731182796
45834189,0.5698924731182796
45834190,0.5698924731182796
45834196,0.5698924731182796
45834205,0.5698924731182796
45834206,0.5698924731182796
45834207,0.5698924731182796
45834208,0.5698924731182796
45834211,0.5698924731182796
45834212,0.5698924731182796
45834213,0.5698924731182796
45834214,0.5698924731182796
45834217,0.5698924731182796
45834226,0.5698924731182796
45834229,0.5698924731182796
45834238,0.5698924731182796
45834240,0.5698924731182796
45834241,0.5698924731182796
45834242,0.5698924731182796
45834249,0.5698924731182796
45834250,0.5698924731182796
45834256,0.5698924731182796
45834260,0.5698924731182796
45834261,0.5698924731182796
45834262,0.5698924731182796
45834264,0.5698924731182796
45834265,0.5698924731182796
45834267,0.5698924731182796
45834269,0.5698924731182796
45834273,0.5698924731182796
45834274,0.5698924731182796
45834276,0.5698924731182796
45834277,0.5698924731182796
45834278,0.5698924731182796
45834280,0.5698924731182796
45834281,0.5698924731182796
45834282,0.5698924731182796
45834283,0.5698924731182796
45834286,0.5698924731182796
45834287,0.5698924731182796
45834288,0.5698924731182796
45834289,0.5698924731182796
45834290,0.5698924731182796
45834294,0.5698924731182796
45834295,0.5698924731182796
45834296,0.5698924731182796
45834297,0.5698924731182796
45834300,0.5698924731182796
45834311,0.5698924731182796
45834318,0.5698924731182796
45834322,0.5698924731182796
45834323,0.5698924731182796
45834330,0.5698924731182796
45834348,0.5698924731182796
45834359,0.5698924731182796
45834367,0.5698924731182796
45834376,0.5698924731182796
45834385,0.5698924731182796
45834386,0.5698924731182796
45834395,0.5698924731182796
45834402,0.5698924731182796
45834405,0.5698924731182796
45834408,0.5698924731182796
45834409,0.5698924731182796
45834411,0.5698924731182796
45834413,0.5698924731182796
45834414,0.5698924731182796
45834419,0.5698924731182796
45834423,0.5698924731182796
45834425,0.5698924731182796
45834426,0.5698924731182796
45834433,0.5698924731182796
45834435,0.5698924731182796
45834438,0.5698924731182796
45834446,0.5698924731182796
45834450,0.5698924731182796
45834452,0.5698924731182796
45834454,0.5698924731182796
45834455,0.5698924731182796
45834460,0.5698924731182796
45834465,0.5698924731182796
45834471,0.5698924731182796
45834472,0.5698924731182796
45834479,0.5698924731182796
45834489,0.5698924731182796
45834498,0.5698924731182796
45834500,0.5698924731182796
45834502,0.5698924731182796
45834504,0.5698924731182796
45834505,0.5698924731182796
45834508,0.5698924731182796
45834509,0.5698924731182796
45834510,0.5698924731182796
45834515,0.5698924731182796
45834519,0.5698924731182796
45834521,0.5698924731182796
45834529,0.5698924731182796
45834533,0.5698924731182796
45834544,0.5698924731182796
45834545,0.5698924731182796
45834548,0.5698924731182796
45834550,0.5698924731182796
45834551,0.5698924731182796
45834552,0.5698924731182796
45834559,0.5698924731182796
45834560,0.5698924731182796
45834566,0.5698924731182796
45834568,0.5698924731182796
45834582,0.5698924731182796
45834584,0.5698924731182796
45834586,0.5698924731182796
45834589,0.5698924731182796
45834592,0.5698924731182796
45834594,0.5698924731182796
45834595,0.5698924731182796
45834597,0.5698924731182796
45834599,0.5698924731182796
45834604,0.5698924731182796
45834616,0.5698924731182796
45834618,0.5698924731182796
45834621,0.5698924731182796
45834622,0.5698924731182796
45834625,0.5698924731182796
45834629,0.5698924731182796
45834632,0.5698924731182796
45834633,0.5698924731182796
45834636,0.5698924731182796
45834641,0.5698924731182796
45834643,0.5698924731182796
45834648,0.5698924731182796
45834649,0.5698924731182796
45834650,0.5698924731182796
45834651,0.5698924731182796
45834656,0.5698924731182796
45834661,0.5698924731182796
45834662,0.5698924731182796
45834666,0.5698924731182796
45834667,0.5698924731182796
45834668,0.5698924731182796
45834669,0.5698924731182796
45834673,0.5698924731182796
45834674,0.5698924731182796
45834677,0.5698924731182796
45834680,0.5698924731182796
45834688,0.5698924731182796
45834689,0.5698924731182796
45834691,0.5698924731182796
45834692,0.5698924731182796
45834695,0.5698924731182796
45834696,0.5698924731182796
45834703,0.5698924731182796
45834706,0.5698924731182796
45834708,0.5698924731182796
45834711,0.5698924731182796
45834712,0.5698924731182796
45834716,0.5698924731182796
45834720,0.5698924731182796
45834753,0.5698924731182796
45834755,0.5698924731182796
45834758,0.5698924731182796
45834776,0.5698924731182796
45834783,0.5698924731182796
45834787,0.5698924731182796
45834788,0.5698924731182796
45834800,0.5698924731182796
45834802,0.5698924731182796
45834803,0.5698924731182796
45834805,0.5698924731182796
45834806,0.5698924731182796
45834807,0.5698924731182796
45834808,0.5698924731182796
45834811,0.5698924731182796
45834823,0.5698924731182796
45834826,0.5698924731182796
45834827,0.5698924731182796
45834828,0.5698924731182796
45834829,0.5698924731182796
45834831,0.5698924731182796
45834832,0.5698924731182796
45834833,0.5698924731182796
45834849,0.5698924731182796
45834850,0.5698924731182796
45834851,0.5698924731182796
45834852,0.5698924731182796
45834855,0.5698924731182796
45834861,0.5698924731182796
45834881,0.5698924731182796
45834887,0.5698924731182796
45834888,0.5698924731182796
45834889,0.5698924731182796
46021628,0.5698924731182796
46021633,0.5698924731182796
46021635,0.5698924731182796
46021640,0.5698924731182796
46021642,0.5698924731182796
46021644,0.5698924731182796
46021647,0.5698924731182796
46021648,0.5698924731182796
46021649,0.5698924731182796
46021650,0.5698924731182796
46021651,0.5698924731182796
46021660,0.5698924731182796
46021664,0.5698924731182796
46021666,0.5698924731182796
46021667,0.5698924731182796
46021668,0.5698924731182796
46021671,0.5698924731182796
46021672,0.5698924731182796
46021673,0.5698924731182796
46021684,0.5698924731182796
46021685,0.5698924731182796
46021686,0.5698924731182796
46021688,0.5698924731182796
46021689,0.5698924731182796
46021690,0.5698924731182796
46021691,0.5698924731182796
46021697,0.5698924731182796
46021698,0.5698924731182796
46021700,0.5698924731182796
46021703,0.5698924731182796
46021706,0.5698924731182796
46021708,0.5698924731182796
46021709,0.5698924731182796
46021712,0.5698924731182796
46021717,0.5698924731182796
46021720,0.5698924731182796
46021728,0.5698924731182796
46021748,0.5698924731182796
46021749,0.5698924731182796
46021751,0.5698924731182796
46021755,0.5698924731182796
46021757,0.5698924731182796
46021767,0.5698924731182796
46021768,0.5698924731182796
46021772,0.5698924731182796
46021774,0.5698924731182796
46021775,0.5698924731182796
46021777,0.5698924731182796
46021784,0.5698924731182796
46021797,0.5698924731182796
46021807,0.5698924731182796
46021809,0.5698924731182796
46021811,0.5698924731182796
46021818,0.5698924731182796
46021829,0.5698924731182796
46021833,0.5698924731182796
46021842,0.5698924731182796
46021844,0.5698924731182796
46021847,0.5698924731182796
46021852,0.5698924731182796
46021858,0.5698924731182796
46021859,0.5698924731182796
46021862,0.5698924731182796
46021864,0.5698924731182796
46021868,0.5698924731182796
46021875,0.5698924731182796
46021885,0.5698924731182796
46021891,0.5698924731182796
46021901,0.5698924731182796
46021905,0.5698924731182796
46021906,0.5698924731182796
46021907,0.5698924731182796
46021910,0.5698924731182796
46021911,0.5698924731182796
46021926,0.5698924731182796
46021929,0.5698924731182796
46021934,0.5698924731182796
46021935,0.5698924731182796
46021948,0.5698924731182796
46021952,0.5698924731182796
46021953,0.5698924731182796
46021956,0.5698924731182796
46021962,0.5698924731182796
46021969,0.5698924731182796
46021970,0.5698924731182796
46021971,0.5698924731182796
46021972,0.5698924731182796
46021973,0.5698924731182796
46021977,0.5698924731182796
46021978,0.5698924731182796
46021984,0.5698924731182796
46021985,0.5698924731182796
46021992,0.5698924731182796
46022000,0.5698924731182796
46022001,0.5698924731182796
46022003,0.5698924731182796
46022005,0.5698924731182796
46022010,0.5698924731182796
46022020,0.5698924731182796
46022024,0.5698924731182796
46022031,0.5698924731182796
46022032,0.5698924731182796
46022044,0.5698924731182796
46022049,0.5698924731182796
46022051,0.5698924731182796
46022054,0.5698924731182796
46022056,0.5698924731182796
46022057,0.5698924731182796
46022059,0.5698924731182796
46022064,0.5698924731182796
46022065,0.5698924731182796
46022066,0.5698924731182796
46022071,0.5698924731182796
46022083,0.5698924731182796
46022085,0.5698924731182796
46022086,0.5698924731182796
46022088,0.5698924731182796
46022092,0.5698924731182796
46022094,0.5698924731182796
46022099,0.5698924731182796
46022100,0.5698924731182796
46022102,0.5698924731182796
46022103,0.5698924731182796
46022104,0.5698924731182796
46022105,0.5698924731182796
46022106,0.5698924731182796
46022107,0.5698924731182796
46022108,0.5698924731182796
46022109,0.5698924731182796
46022110,0.5698924731182796
46022111,0.5698924731182796
46022112,0.5698924731182796
46022114,0.5698924731182796
46022115,0.5698924731182796
46022117,0.5698924731182796
46022118,0.5698924731182796
46022119,0.5698924731182796
46022120,0.5698924731182796
46022121,0.5698924731182796
46022122,0.5698924731182796
46022126,0.5698924731182796
46022136,0.5698924731182796
46022139,0.5698924731182796
46022142,0.5698924731182796
46022145,0.5698924731182796
46022150,0.5698924731182796
46022152,0.5698924731182796
46022155,0.5698924731182796
46022156,0.5698924731182796
46022160,0.5698924731182796
46022171,0.5698924731182796
46022172,0.5698924731182796
46022187,0.5698924731182796
46022188,0.5698924731182796
46022190,0.5698924731182796
46022191,0.5698924731182796
46022194,0.5698924731182796
46022198,0.5698924731182796
46022200,0.5698924731182796
46022202,0.5698924731182796
46022204,0.5698924731182796
46022207,0.5698924731182796
46022209,0.5698924731182796
46022211,0.5698924731182796
46022212,0.5698924731182796
46022216,0.5698924731182796
46022220,0.5698924731182796
46022221,0.5698924731182796
46119396,0.5698924731182796
46214444,0.5698924731182796
46214445,0.5698924731182796
46214446,0.5698924731182796
46224162,0.5698924731182796
46337738,0.5698924731182796
46337739,0.5698924731182796
46337740,0.5698924731182796
46762611,0.5698924731182796
46762612,0.5698924731182796
46906538,0.5698924731182796
46906835,0.5698924731182796
46906837,0.5698924731182796
46906845,0.5698924731182796
46906853,0.5698924731182796
46906857,0.5698924731182796
46906858,0.5698924731182796
46906871,0.5698924731182796
46906879,0.5698924731182796
46906883,0.5698924731182796
46906905,0.5698924731182796
46906919,0.5698924731182796
46906920,0.5698924731182796
46906924,0.5698924731182796
46906926,0.5698924731182796
46906928,0.5698924731182796
46906937,0.5698924731182796
46906938,0.5698924731182796
46906941,0.5698924731182796
46906951,0.5698924731182796
46906952,0.5698924731182796
46906966,0.5698924731182796
46906977,0.5698924731182796
46906986,0.5698924731182796
46907032,0.5698924731182796
46907038,0.5698924731182796
46907041,0.5698924731182796
46907101,0.5698924731182796
46907107,0.5698924731182796
46918874,0.5698924731182796
46918879,0.5698924731182796
46918881,0.5698924731182796
47565733,0.5698924731182796
47565745,0.5698924731182796
47565746,0.5698924731182796
47565748,0.5698924731182796
47565760,0.5698924731182796
47565779,0.5698924731182796
47565788,0.5698924731182796
47565790,0.5698924731182796
47565808,0.5698924731182796
47565844,0.5698924731182796
47565854,0.5698924731182796
47565864,0.5698924731182796
47565871,0.5698924731182796
47565891,0.5698924731182796
47565892,0.5698924731182796
47565908,0.5698924731182796
47565912,0.5698924731182796
47565913,0.5698924731182796
47565922,0.5698924731182796
47565925,0.5698924731182796
47565942,0.5698924731182796
47565946,0.5698924731182796
47565984,0.5698924731182796
47565987,0.5698924731182796
47566011,0.5698924731182796
47566052,0.5698924731182796
47566061,0.5698924731182796
47566063,0.5698924731182796
47566065,0.5698924731182796
47566092,0.5698924731182796
47566095,0.5698924731182796
47566106,0.5698924731182796
47566107,0.5698924731182796
47566109,0.5698924731182796
47566112,0.5698924731182796
47566115,0.5698924731182796
47566122,0.5698924731182796
47566143,0.5698924731182796
47566149,0.5698924731182796
47566170,0.5698924731182796
47566173,0.5698924731182796
47566227,0.5698924731182796
47566232,0.5698924731182796
47566235,0.5698924731182796
47566241,0.5698924731182796
47566243,0.5698924731182796
47566260,0.5698924731182796
47566297,0.5698924731182796
47566302,0.5698924731182796
47566308,0.5698924731182796
47566309,0.5698924731182796
47566312,0.5698924731182796
47566314,0.5698924731182796
47566325,0.5698924731182796
47566640,0.5698924731182796
47566649,0.5698924731182796
47566680,0.5698924731182796
47566681,0.5698924731182796
47566951,0.5698924731182796
47566953,0.5698924731182796
47566954,0.5698924731182796
47566957,0.5698924731182796
47566960,0.5698924731182796
47566970,0.5698924731182796
47566971,0.5698924731182796
47567175,0.5698924731182796
47567189,0.5698924731182796
47567244,0.5698924731182796
47567382,0.5698924731182796
47567660,0.5698924731182796
47567699,0.5698924731182796
47567711,0.5698924731182796
47567819,0.5698924731182796
47567829,0.5698924731182796
47567835,0.5698924731182796
47567848,0.5698924731182796
47567876,0.5698924731182796
47567880,0.5698924731182796
47567908,0.5698924731182796
47567920,0.5698924731182796
47567922,0.5698924731182796
47567925,0.5698924731182796
47567930,0.5698924731182796
47567941,0.5698924731182796
47567946,0.5698924731182796
47567953,0.5698924731182796
47567962,0.5698924731182796
47567963,0.5698924731182796
47567964,0.5698924731182796
47567977,0.5698924731182796
47567983,0.5698924731182796
47567987,0.5698924731182796
47567988,0.5698924731182796
47567989,0.5698924731182796
47567993,0.5698924731182796
47567994,0.5698924731182796
47568009,0.5698924731182796
47568028,0.5698924731182796
47568031,0.5698924731182796
47568035,0.5698924731182796
47568122,0.5698924731182796
47568123,0.5698924731182796
47568126,0.5698924731182796
47568139,0.5698924731182796
47568140,0.5698924731182796
47568141,0.5698924731182796
47568148,0.5698924731182796
47568190,0.5698924731182796
47568267,0.5698924731182796
47568274,0.5698924731182796
47568277,0.5698924731182796
47568278,0.5698924731182796
47568295,0.5698924731182796
47568296,0.5698924731182796
47568297,0.5698924731182796
47568298,0.5698924731182796
47568365,0.5698924731182796
47568366,0.5698924731182796
47568377,0.5698924731182796
47568385,0.5698924731182796
47568391,0.5698924731182796
47568417,0.5698924731182796
47568471,0.5698924731182796
47568481,0.5698924731182796
47568496,0.5698924731182796
47568509,0.5698924731182796
47568536,0.5698924731182796
47568601,0.5698924731182796
47568603,0.5698924731182796
47568607,0.5698924731182796
48023424,0.5698924731182796
48219623,0.5698924731182796
48219627,0.5698924731182796
48319816,0.5698924731182796
48399192,0.5698924731182796
48410536,0.5698924731182796
48413498,0.5698924731182796
48449451,0.5698924731182796
48449452,0.5698924731182796
48467694,0.5698924731182796
48467695,0.5698924731182796
48480926,0.5698924731182796
48480927,0.5698924731182796
48480946,0.5698924731182796
48480947,0.5698924731182796
48480954,0.5698924731182796
48493133,0.5698924731182796
48553964,0.5698924731182796
48606009,0.5698924731182796
48612328,0.5698924731182796
48633211,0.5698924731182796
48714614,0.5698924731182796
48808949,0.5698924731182796
48843419,0.5698924731182796
48843425,0.5698924731182796
48843436,0.5698924731182796
48866960,0.5698924731182796
48866961,0.5698924731182796
48937185,0.5698924731182796
49017907,0.5698924731182796
49051823,0.5698924731182796
49052423,0.5698924731182796
49052424,0.5698924731182796
49052425,0.5698924731182796
49052708,0.5698924731182796
49052709,0.5698924731182796
49052710,0.5698924731182796
49052711,0.5698924731182796
49053423,0.5698924731182796
49053424,0.5698924731182796
49053425,0.5698924731182796
49053426,0.5698924731182796
49053699,0.5698924731182796
49053701,0.5698924731182796
49053702,0.5698924731182796
49053703,0.5698924731182796
49057901,0.5698924731182796
49057902,0.5698924731182796
49058007,0.5698924731182796
49058655,0.5698924731182796
49062650,0.5698924731182796
49324172,0.5698924731182796
49337800,0.5698924731182796
49337801,0.5698924731182796
49360905,0.5698924731182796
49366379,0.5698924731182796
49366703,0.5698924731182796
49367711,0.5698924731182796
49368806,0.5698924731182796
49372776,0.5698924731182796
49377961,0.5698924731182796
49417952,0.5698924731182796
49419949,0.5698924731182796
49742617,0.5698924731182796
49742618,0.5698924731182796
49744159,0.5698924731182796
49748124,0.5698924731182796
49762778,0.5698924731182796
49765324,0.5698924731182796
50059435,0.5698924731182796
50065504,0.5698924731182796
50100254,0.5698924731182796
50102231,0.5698924731182796
50102232,0.5698924731182796
50308500,0.5698924731182796
50348250,0.5698924731182796
50430452,0.5698924731182796
50735639,0.5698924731182796
52010271,0.5698924731182796
52189780,0.5698924731182796
56314605,0.5698924731182796
56314626,0.5698924731182796
56384168,0.5698924731182796
56384924,0.5698924731182796
57477874,0.5698924731182796
58692509,0.5698924731182796
59122393,0.5698924731182796
59122394,0.5698924731182796
59122395,0.5698924731182796
59122396,0.5698924731182796
59122397,0.5698924731182796
59122398,0.5698924731182796
59122399,0.5698924731182796
59122400,0.5698924731182796
59122401,0.5698924731182796
59122402,0.5698924731182796
59122403,0.5698924731182796
59156287,0.5698924731182796
59406690,0.5698924731182796
59504067,0.5698924731182796
59757229,0.5698924731182796
61134868,0.5698924731182796
61135987,0.5698924731182796
63768241,0.5698924731182796
63768242,0.5698924731182796
63768243,0.5698924731182796
63768244,0.5698924731182796
63768246,0.5698924731182796
63768247,0.5698924731182796
63768248,0.5698924731182796
63768249,0.5698924731182796
63768250,0.5698924731182796
63768252,0.5698924731182796
63768253,0.5698924731182796
63768254,0.5698924731182796
63768255,0.5698924731182796
63768257,0.5698924731182796
63772055,0.5698924731182796
63772056,0.5698924731182796
63772057,0.5698924731182796
63772058,0.5698924731182796
63772059,0.5698924731182796
66118616,0.5698924731182796
66147474,0.5698924731182796
66147475,0.5698924731182796
66155126,0.5698924731182796
66292237,0.5698924731182796
66771046,0.5698924731182796
66927497,0.5698924731182796
67083925,0.5698924731182796
67083926,0.5698924731182796
67764637,0.5698924731182796
67764638,0.5698924731182796
67769015,0.5698924731182796
67776449,0.5698924731182796
68237614,0.5698924731182796
68455378,0.5698924731182796
68868003,0.5698924731182796
69110364,0.5698924731182796
69337690,0.5698924731182796
69337691,0.5698924731182796
69348173,0.5698924731182796
69373013,0.5698924731182796
69442471,0.5698924731182796
69442472,0.5698924731182796
69520249,0.5698924731182796
69576912,0.5698924731182796
69621796,0.5698924731182796
69621797,0.5698924731182796
69645518,0.5698924731182796
69762011,0.5698924731182796
69936756,0.5698924731182796
70251912,0.5698924731182796
70254599,0.5698924731182796
72165527,0.5698924731182796
72332766,0.5698924731182796
76508017,0.5698924731182796
76508018,0.5698924731182796
76508019,0.5698924731182796
77150971,0.5698924731182796
77752949,0.5698924731182796
78089049,0.5698924731182796
78322755,0.5698924731182796
78322756,0.5698924731182796
78322757,0.5698924731182796
78322758,0.5698924731182796
78322759,0.5698924731182796
78709912,0.5698924731182796
79149951,0.5698924731182796
79442318,0.5698924731182796
82414041,0.5698924731182796
82414043,0.5698924731182796
82414044,0.5698924731182796
82414045,0.5698924731182796
82414046,0.5698924731182796
82414047,0.5698924731182796
82414048,0.5698924731182796
84185949,0.5698924731182796
85687043,0.5698924731182796
86316136,0.5698924731182796
87241417,0.5698924731182796
88229435,0.5698924731182796
88229436,0.5698924731182796
89785053,0.5698924731182796
89785054,0.5698924731182796
89842462,0.5698924731182796
89842463,0.5698924731182796
89842464,0.5698924731182796
89842465,0.5698924731182796
89842466,0.5698924731182796
89842467,0.5698924731182796
89849694,0.5698924731182796
90281928,0.5698924731182796
90281929,0.5698924731182796
90281931,0.5698924731182796
90569333,0.5698924731182796
91347549,0.5698924731182796
91347550,0.5698924731182796
91347551,0.5698924731182796
91347552,0.5698924731182796
92406083,0.5698924731182796
92406085,0.5698924731182796
92406086,0.5698924731182796
92431632,0.5698924731182796
92431652,0.5698924731182796
92532361,0.5698924731182796
92532362,0.5698924731182796
92532363,0.5698924731182796
92532364,0.5698924731182796
92532365,0.5698924731182796
92532366,0.5698924731182796
93630792,0.5698924731182796
93635954,0.5698924731182796
93635955,0.5698924731182796
94463729,0.5698924731182796
94892527,0.5698924731182796
96262080,0.5698924731182796
98439035,0.5698924731182796
99376726,0.5698924731182796
99834779,0.5698924731182796
99834780,0.5698924731182796
99834781,0.5698924731182796
99834782,0.5698924731182796
99834783,0.5698924731182796
99834784,0.5698924731182796
