y_true,y_pred,prob
0.0,0,1.9262528e-19
1.0,0,0.0
1.0,0,1.0933813e-23
0.0,0,0.0
1.0,0,0.33757228
0.0,0,0.0
0.0,0,3.8589424e-05
1.0,0,7.4627056e-23
0.0,0,0.0
1.0,0,0.0
0.0,0,0.0038392781
1.0,0,4.793501e-22
0.0,0,0.00934751
1.0,0,8.2660344e-17
0.0,0,7.599655e-15
1.0,0,0.0
0.0,0,1.2070514e-12
1.0,0,0.0
0.0,0,2.0890227e-11
1.0,0,0.0
0.0,0,6.1184705e-18
1.0,0,0.0
0.0,0,6.023895e-07
1.0,0,0.0
0.0,0,1.5262687e-07
1.0,0,0.0
1.0,0,5.093464e-19
0.0,0,0.0
1.0,0,1.2251085e-08
0.0,0,0.0
1.0,0,1.3325424e-05
0.0,0,0.0
1.0,0,1.2888194e-12
0.0,0,0.0
0.0,0,0.0
1.0,0,0.0
1.0,0,3.8942552e-08
0.0,0,0.0
0.0,0,5.516316e-15
1.0,0,0.0
0.0,0,1.2519263e-08
1.0,0,0.0
1.0,0,4.404803e-32
0.0,0,0.0
0.0,0,4.4195352e-11
1.0,0,0.0
1.0,0,4.1060755e-08
0.0,0,0.0
0.0,0,5.961814e-28
1.0,0,0.0
1.0,0,0.00020496742
0.0,0,9.635285e-27
1.0,0,1.5790239e-21
0.0,0,0.0
0.0,0,2.4754825e-18
1.0,0,0.0
0.0,0,2.443285e-14
1.0,0,0.0
1.0,1,0.69947547
0.0,0,2.6678936e-05
1.0,0,9.399294e-08
0.0,0,5.881287e-35
1.0,0,3.8348162e-08
0.0,0,4.7636e-39
1.0,0,1.0601099e-11
0.0,0,0.0
0.0,0,9.556202e-08
1.0,0,1.7316123e-38
1.0,0,2.5231874e-09
0.0,0,0.0
1.0,0,1.3059628e-16
0.0,0,0.0
0.0,0,3.2280909e-10
1.0,0,0.0
0.0,0,4.946429e-07
1.0,0,9.830105e-38
0.0,0,3.4385352e-09
1.0,0,0.0
1.0,0,3.2294759e-06
0.0,0,6.7708305e-31
0.0,0,2.9369742e-06
1.0,0,5.5852354e-31
0.0,0,1.1755417e-09
1.0,0,0.0
0.0,0,1.4811843e-10
1.0,0,0.0
0.0,0,0.0051996433
1.0,0,2.5315671e-19
1.0,0,8.665401e-11
0.0,0,0.0
1.0,0,6.8371207e-12
0.0,0,0.0
0.0,0,4.644394e-09
1.0,0,0.0
1.0,0,1.9061414e-14
0.0,0,0.0
1.0,0,2.2317055e-09
0.0,0,2.3829955e-38
0.0,0,1.8168672e-13
1.0,0,0.0
0.0,0,7.518549e-09
1.0,0,0.0
1.0,0,6.5356813e-09
0.0,0,7.5939727e-38
1.0,0,1.4614967e-08
0.0,0,0.0
0.0,0,7.797611e-23
1.0,0,0.0
0.0,0,0.0
1.0,0,0.0
0.0,0,5.412677e-11
1.0,0,0.0
1.0,0,3.3577752e-08
0.0,0,0.0
0.0,0,4.7218655e-05
1.0,0,0.0
0.0,0,1.6086599e-14
1.0,0,0.0
1.0,0,1.11913305e-08
0.0,0,0.0
1.0,0,3.8204395e-13
0.0,0,0.0
1.0,0,6.205304e-06
0.0,0,0.0
1.0,0,8.9822606e-05
0.0,0,0.0
0.0,0,6.326357e-05
1.0,0,2.3974865e-21
0.0,0,6.2404894e-11
1.0,0,0.0
1.0,0,3.4064213e-11
0.0,0,0.0
0.0,0,2.3948082e-10
1.0,0,0.0
1.0,0,7.0792855e-10
0.0,0,0.0
1.0,0,3.198813e-13
0.0,0,0.0
0.0,0,0.0
1.0,0,0.0
0.0,0,2.1359692e-05
1.0,0,1.6001703e-26
0.0,0,4.9853978e-24
1.0,0,0.0
0.0,0,0.0
1.0,0,0.0
0.0,0,0.0
1.0,0,0.0
1.0,0,4.1191887e-24
0.0,0,0.0
1.0,0,2.4203453e-13
0.0,0,0.0
0.0,0,2.0377932e-13
1.0,0,0.0
0.0,0,1.467213e-13
1.0,0,0.0
0.0,0,3.438299e-13
1.0,0,0.0
1.0,0,2.3729263e-12
0.0,0,0.0
0.0,0,2.5916404e-12
1.0,0,0.0
0.0,0,4.2161955e-07
1.0,0,0.0
1.0,0,2.7264597e-19
0.0,0,0.0
0.0,0,3.3925588e-11
1.0,0,0.0
1.0,0,1.142608e-09
0.0,0,0.0
0.0,0,2.3992247e-10
1.0,0,0.0
1.0,0,1.1606532e-15
0.0,0,0.0
1.0,0,3.362846e-11
0.0,0,0.0
0.0,0,1.7519238e-08
1.0,0,0.0
1.0,0,6.9517675e-10
0.0,0,0.0
1.0,0,1.848064e-05
0.0,0,1.4989546e-34
1.0,0,0.0034289553
0.0,0,1.5765394e-27
1.0,0,0.0126900235
0.0,0,8.813958e-18
1.0,0,2.4299054e-10
0.0,0,0.0
0.0,0,5.37304e-09
1.0,0,2.154756e-37
1.0,0,6.4923504e-15
0.0,0,0.0
0.0,0,9.541891e-11
1.0,0,0.0
1.0,0,1.3294395e-08
0.0,0,0.0
0.0,0,5.681979e-10
1.0,0,0.0
1.0,0,1.091644e-07
0.0,0,5.6868975e-34
0.0,0,9.026882e-06
1.0,0,1.545327e-27
0.0,0,2.663299e-06
1.0,0,4.352476e-38
1.0,0,1.2573557e-09
0.0,0,0.0
0.0,0,5.774775e-09
1.0,0,0.0
0.0,0,2.8043715e-11
1.0,0,0.0
1.0,0,4.2091715e-06
0.0,0,0.0
0.0,0,3.757813e-07
1.0,0,0.0
0.0,0,1.5771568e-11
1.0,0,0.0
1.0,0,5.721772e-10
0.0,0,0.0
0.0,0,1.09620556e-10
1.0,0,0.0
1.0,0,7.709254e-11
0.0,0,0.0
1.0,0,6.4429014e-06
0.0,0,1.5815055e-31
1.0,0,4.7688804e-06
0.0,0,9.430992e-34
1.0,0,7.137421e-07
0.0,0,0.0
1.0,0,5.8195938e-30
0.0,0,0.0
0.0,0,2.4737442e-08
1.0,0,0.0
0.0,0,0.0
1.0,0,0.0
0.0,0,2.689988e-29
1.0,0,0.0
0.0,0,0.0
1.0,0,0.0
0.0,0,0.0
1.0,0,0.0
0.0,0,3.8927776e-12
1.0,0,0.0
0.0,0,2.919518e-06
1.0,0,1.2803193e-28
1.0,0,4.4601125e-05
0.0,0,2.2649893e-22
0.0,0,1.0430113e-12
1.0,0,0.0
1.0,0,6.448877e-13
0.0,0,0.0
1.0,0,9.355198e-10
0.0,0,0.0
0.0,0,1.3095026e-08
1.0,0,0.0
0.0,0,3.7219018e-13
1.0,0,0.0
0.0,0,2.0911875e-11
1.0,0,0.0
1.0,0,1.4161083e-10
0.0,0,0.0
1.0,0,4.731182e-05
0.0,0,7.626043e-25
0.0,0,0.19196053
1.0,0,1.9103513e-08
1.0,0,1.8094941e-09
0.0,0,0.0
1.0,0,2.1686734e-13
0.0,0,0.0
1.0,0,1.4269571e-09
0.0,0,0.0
0.0,0,2.0813282e-10
1.0,0,0.0
0.0,0,4.129776e-07
1.0,0,0.0
1.0,0,0.00015081196
0.0,0,5.919362e-30
0.0,0,0.0013043687
1.0,0,9.11753e-27
0.0,0,1.6846067e-07
1.0,0,0.0
0.0,0,2.9195207e-06
1.0,0,1.2803193e-28
0.0,0,1.265395e-18
1.0,0,0.0
0.0,0,0.0020983757
1.0,0,2.9929506e-23
1.0,0,4.831479e-09
0.0,0,0.0
0.0,0,9.582023e-13
1.0,0,0.0
1.0,0,6.8935094e-11
0.0,0,0.0
1.0,0,2.803303e-18
0.0,0,0.0
1.0,0,0.00028971274
0.0,0,7.606659e-19
1.0,0,1.7653567e-09
0.0,0,0.0
0.0,0,5.803273e-09
1.0,0,0.0
0.0,0,2.2636423e-05
1.0,0,5.3264147e-33
1.0,0,3.948147e-09
0.0,0,0.0
0.0,0,1.8198327e-09
1.0,0,0.0
1.0,0,0.0006109096
0.0,0,1.7108492e-25
0.0,0,2.2610096e-37
1.0,0,0.0
0.0,0,1.1278016e-05
1.0,0,0.0
0.0,0,0.0041023386
1.0,0,1.3492139e-23
1.0,0,5.4836533e-21
0.0,0,0.0
1.0,0,1.4176712e-20
0.0,0,0.0
0.0,0,1.6524702e-27
1.0,0,0.0
0.0,0,0.0
1.0,0,0.0
0.0,0,0.0
1.0,0,0.0
1.0,0,1.1475424e-38
0.0,0,0.0
1.0,0,0.0
0.0,0,0.0
1.0,0,1.67639e-24
0.0,0,0.0
0.0,0,3.402013e-26
1.0,0,0.0
1.0,0,4.4673967e-25
0.0,0,0.0
1.0,0,4.1131362e-35
0.0,0,0.0
1.0,0,1.9527012e-35
0.0,0,0.0
0.0,0,1.4382898e-34
1.0,0,0.0
1.0,0,7.6731226e-11
0.0,0,0.0
1.0,0,5.7543334e-32
0.0,0,0.0
1.0,0,0.0
0.0,0,0.0
1.0,0,0.0
0.0,0,0.0
1.0,0,1.1577443e-29
0.0,0,0.0
1.0,0,4.0971225e-17
0.0,0,0.0
0.0,0,5.1053154e-17
1.0,0,0.0
1.0,0,1.8051024e-13
0.0,0,0.0
1.0,0,2.3894304e-16
0.0,0,0.0
0.0,0,3.697354e-37
1.0,0,0.0
0.0,0,4.355104e-36
1.0,0,0.0
0.0,0,0.0
1.0,0,0.0
1.0,0,0.0
0.0,0,0.0
0.0,0,0.0
1.0,0,0.0
0.0,0,0.0
1.0,0,0.0
0.0,0,1.144332e-11
1.0,0,0.0
1.0,0,7.156773e-12
0.0,0,0.0
0.0,0,1.1028625e-13
1.0,0,0.0
1.0,0,0.056767013
0.0,0,2.6344435e-26
1.0,0,3.3416164e-16
0.0,0,0.0
1.0,0,0.00023334978
0.0,0,5.8451546e-31
0.0,0,7.0620474e-22
1.0,0,0.0
1.0,0,0.1213485
0.0,0,1.4618785e-23
1.0,0,8.472739e-08
0.0,0,0.0
0.0,0,2.1753322e-19
1.0,0,0.0
1.0,0,7.3081384e-05
0.0,0,4.1328642e-25
1.0,0,3.247636e-18
0.0,0,0.0
1.0,0,8.5247795e-18
0.0,0,0.0
1.0,0,2.2814368e-24
0.0,0,0.0
0.0,0,1.6039799e-12
1.0,0,0.0
0.0,0,2.455414e-07
1.0,0,3.5812323e-38
0.0,0,3.044421e-17
1.0,0,0.0
0.0,0,5.669618e-17
1.0,0,0.0
1.0,0,1.01196085e-16
0.0,0,0.0
1.0,0,3.4427757e-16
0.0,0,0.0
1.0,0,1.6446693e-23
0.0,0,0.0
1.0,0,1.1923164e-18
0.0,0,0.0
1.0,0,7.4628306e-20
0.0,0,0.0
1.0,0,2.5574493e-23
0.0,0,0.0
0.0,0,1.4581585e-15
1.0,0,0.0
0.0,0,0.0
1.0,0,0.0
1.0,0,0.00018570552
0.0,0,0.0
1.0,0,0.0
0.0,0,0.0
0.0,0,0.0
1.0,0,0.0
0.0,0,2.3837856e-24
1.0,0,0.0
0.0,0,1.7504744e-05
1.0,0,9.1987965e-33
0.0,0,4.083837e-09
1.0,0,0.0
1.0,0,4.833139e-31
0.0,0,0.0
1.0,0,5.4411237e-07
0.0,0,0.0
1.0,0,1.7143044e-11
0.0,0,0.0
0.0,0,7.1299566e-09
1.0,0,0.0
1.0,0,5.348999e-13
0.0,0,0.0
0.0,0,5.1326317e-18
1.0,0,0.0
1.0,0,1.7212061e-09
0.0,0,0.0
0.0,0,1.4885481e-21
1.0,0,0.0
0.0,0,4.9953666e-34
1.0,0,0.0
0.0,0,9.662906e-24
1.0,0,0.0
1.0,0,8.470605e-12
0.0,0,0.0
1.0,0,2.119204e-07
0.0,0,0.0
0.0,0,4.840775e-07
1.0,0,0.0
0.0,0,5.716686e-11
1.0,0,0.0
1.0,0,7.5946164e-29
0.0,0,0.0
1.0,0,7.812083e-15
0.0,0,0.0
1.0,0,0.0
0.0,0,0.0
1.0,0,0.0
0.0,0,0.0
0.0,0,2.5005068e-28
1.0,0,0.0
1.0,0,1.7186002e-14
0.0,0,0.0
1.0,0,3.9098815e-36
0.0,0,0.0
1.0,0,5.3124193e-12
0.0,0,0.0
1.0,0,1.4427092e-13
0.0,0,0.0
1.0,0,1.2840348e-12
0.0,0,0.0
1.0,0,2.389101e-10
0.0,0,0.0
0.0,0,1.05949475e-16
1.0,0,0.0
0.0,0,9.290934e-21
1.0,0,0.0
0.0,0,0.0
1.0,0,0.0
0.0,0,5.922245e-14
1.0,0,0.0
0.0,0,3.1105836e-17
1.0,0,0.0
0.0,0,3.3142883e-21
1.0,0,0.0
0.0,0,4.18176e-06
1.0,0,6.5795316e-32
0.0,0,9.59947e-10
1.0,0,0.0
0.0,0,0.0
1.0,0,0.0
0.0,0,1.659874e-09
1.0,0,0.0
0.0,0,2.2736967e-23
1.0,0,0.0
0.0,0,1.0047659e-27
1.0,0,0.0
0.0,0,2.8960321e-18
1.0,0,0.0
0.0,0,2.4496936e-09
1.0,0,0.0
0.0,0,7.749208e-14
1.0,0,0.0
0.0,0,1.3872612e-15
1.0,0,0.0
1.0,0,9.245808e-12
0.0,0,0.0
0.0,0,5.900936e-10
1.0,0,0.0
1.0,0,3.4235356e-13
0.0,0,0.0
0.0,0,4.420419e-19
1.0,0,0.0
1.0,0,0.0
0.0,0,0.0
0.0,0,0.0
1.0,0,0.0
1.0,0,0.0
0.0,0,0.0
1.0,0,2.4955695e-14
0.0,0,0.0
0.0,0,3.012284e-24
1.0,0,0.0
1.0,0,1.6203475e-20
0.0,0,0.0
0.0,0,9.463311e-28
1.0,0,0.0
1.0,0,1.3036851e-13
0.0,0,0.0
0.0,0,0.0
1.0,0,0.0
0.0,0,4.298509e-13
1.0,0,0.0
0.0,0,7.65867e-09
1.0,0,0.0
1.0,0,1.0242192e-13
0.0,0,0.0
0.0,0,5.867275e-11
1.0,0,0.0
0.0,0,3.5122596e-23
1.0,0,0.0
1.0,0,0.0
0.0,0,0.0
1.0,0,2.8193938e-07
0.0,0,3.125882e-39
1.0,0,4.823549e-06
0.0,0,3.550544e-31
1.0,0,3.5410844e-26
0.0,0,0.0
0.0,0,4.455256e-09
1.0,0,0.0
1.0,0,4.550976e-13
0.0,0,0.0
0.0,0,9.361753e-24
1.0,0,0.0
0.0,0,1.6355131e-19
1.0,0,0.0
1.0,0,1.5269728e-21
0.0,0,0.0
1.0,0,7.285306e-29
0.0,0,0.0
1.0,0,3.733105e-25
0.0,0,0.0
0.0,0,1.0041659e-24
1.0,0,0.0
0.0,0,1.3572519e-11
1.0,0,0.0
1.0,0,1.1467322e-07
0.0,0,0.0
0.0,0,7.617233e-14
1.0,0,0.0
0.0,0,4.4089802e-07
1.0,0,0.0
0.0,0,0.0
1.0,0,0.0
1.0,0,0.0
0.0,0,0.0
0.0,0,2.5705319e-26
1.0,0,0.0
0.0,0,3.0563676e-27
1.0,0,0.0
0.0,0,1.5509406e-23
1.0,0,0.0
1.0,0,2.5481402e-30
0.0,0,0.0
0.0,0,3.4131182e-16
1.0,0,0.0
1.0,0,3.0839964e-34
0.0,0,0.0
1.0,0,1.6661349e-21
0.0,0,0.0
0.0,0,0.0
1.0,0,0.0
0.0,0,1.3609918e-12
1.0,0,0.0
0.0,0,0.0
1.0,0,0.0
0.0,0,1.3060897e-20
1.0,0,0.0
0.0,0,0.0
1.0,0,0.0
0.0,0,7.4952315e-11
1.0,0,0.0
0.0,0,6.999102e-11
1.0,0,0.0
0.0,0,0.031286977
1.0,0,9.045645e-12
1.0,0,5.4919456e-09
0.0,0,0.0
0.0,0,4.2760903e-19
1.0,0,0.0
1.0,0,6.0688115e-20
0.0,0,0.0
1.0,0,1.8691546e-19
0.0,0,0.0
1.0,0,5.3845306e-20
0.0,0,0.0
0.0,0,1.0754431e-19
1.0,0,0.0
0.0,0,1.0567199e-27
1.0,0,0.0
1.0,0,2.1256318e-25
0.0,0,0.0
0.0,0,5.808899e-39
1.0,0,0.0
0.0,0,0.0
1.0,0,0.0
0.0,0,5.5152403e-31
1.0,0,0.0
1.0,0,8.236378e-26
0.0,0,0.0
1.0,0,1.9054489e-16
0.0,0,0.0
0.0,0,2.6407028e-14
1.0,0,0.0
1.0,0,5.849122e-17
0.0,0,0.0
1.0,0,6.881967e-17
0.0,0,0.0
0.0,0,1.8754355e-31
1.0,0,0.0
0.0,0,3.887301e-31
1.0,0,0.0
0.0,0,1.2227685e-13
1.0,0,0.0
1.0,0,1.00837054e-10
0.0,0,0.0
0.0,0,5.806904e-17
1.0,0,0.0
0.0,0,6.951962e-19
1.0,0,0.0
0.0,0,3.567919e-18
1.0,0,0.0
0.0,0,5.189303e-14
1.0,0,0.0
1.0,0,1.9557834e-24
0.0,0,0.0
1.0,0,3.0850807e-14
0.0,0,0.0
0.0,0,0.0
1.0,0,0.0
0.0,0,2.7088256e-06
1.0,0,2.3874848e-35
1.0,0,1.025788e-19
0.0,0,0.0
0.0,0,2.0099641e-10
1.0,0,0.0
0.0,0,0.0
1.0,0,0.0
0.0,0,0.0
1.0,0,0.0
1.0,0,1.1406117e-12
0.0,0,0.0
0.0,0,1.8797637e-05
1.0,0,2.4165448e-24
1.0,0,0.00014125153
0.0,0,4.651453e-27
1.0,0,2.0924558e-15
0.0,0,0.0
1.0,0,4.8052437e-34
0.0,0,0.0
0.0,0,0.0056347274
1.0,0,1.8627419e-26
0.0,0,3.5995853e-12
1.0,0,0.0
1.0,0,2.8855052e-15
0.0,0,0.0
0.0,0,1.173175e-15
1.0,0,0.0
0.0,0,5.992039e-23
1.0,0,0.0
0.0,0,3.842234e-15
1.0,0,0.0
0.0,0,6.1537075e-15
1.0,0,0.0
0.0,0,6.2252856e-18
1.0,0,0.0
0.0,0,2.0515809e-19
1.0,0,0.0
1.0,0,5.4390164e-14
0.0,0,0.0
0.0,0,1.3058222e-14
1.0,0,0.0
0.0,0,9.434107e-11
1.0,0,0.0
0.0,0,6.338071e-08
1.0,0,0.0
0.0,0,1.0123822e-15
1.0,0,0.0
0.0,0,1.2874056e-10
1.0,0,0.0
0.0,0,1.3437898e-23
1.0,0,0.0
1.0,0,0.0
0.0,0,0.0
1.0,0,3.4461164e-29
0.0,0,0.0
1.0,0,1.426592e-17
0.0,0,0.0
0.0,0,0.0
1.0,0,0.0
0.0,0,0.0
1.0,0,0.0
0.0,0,4.1583328e-29
1.0,0,0.0
1.0,0,0.0
0.0,0,0.0
0.0,0,4.441339e-29
1.0,0,0.0
0.0,0,1.06666155e-29
1.0,0,0.0
1.0,0,4.043096e-15
0.0,0,0.0
1.0,0,1.9691106e-11
0.0,0,0.0
0.0,0,1.3704666e-15
1.0,0,0.0
0.0,0,4.2519543e-14
1.0,0,0.0
0.0,0,2.9014551e-11
1.0,0,0.0
1.0,0,5.1329655e-14
0.0,0,0.0
1.0,0,1.2146352e-13
0.0,0,0.0
1.0,0,2.6247193e-14
0.0,0,0.0
1.0,0,1.1591451e-06
0.0,0,0.0
0.0,0,2.1620088e-23
1.0,0,0.0
1.0,0,8.305374e-07
0.0,0,0.0
0.0,0,3.4377564e-12
1.0,0,0.0
1.0,0,2.4515288e-14
0.0,0,0.0
1.0,0,6.3154324e-08
0.0,0,0.0
0.0,0,7.3881557e-22
1.0,0,0.0
1.0,0,2.2103357e-22
0.0,0,0.0
1.0,0,2.0659506e-21
0.0,0,0.0
0.0,0,2.2947225e-23
1.0,0,0.0
1.0,0,2.3459967e-12
0.0,0,0.0
1.0,0,2.0916115e-10
0.0,0,0.0
0.0,0,2.5791305e-38
1.0,0,0.0
0.0,0,2.6432758e-23
1.0,0,0.0
0.0,0,6.9897804e-25
1.0,0,0.0
1.0,0,3.7403874e-26
0.0,0,0.0
0.0,0,2.8697965e-15
1.0,0,0.0
1.0,0,3.2462256e-07
0.0,0,0.0
0.0,0,1.4798206e-05
1.0,0,8.117132e-34
1.0,0,3.0157768e-14
0.0,0,0.0
1.0,0,4.2245822e-14
0.0,0,0.0
0.0,0,2.63694e-16
1.0,0,0.0
0.0,0,0.0
1.0,0,0.0
0.0,0,4.529744e-12
1.0,0,0.0
0.0,0,1.2535588e-15
1.0,0,0.0
1.0,0,2.9350859e-22
0.0,0,0.0
1.0,0,2.9459243e-20
0.0,0,0.0
0.0,0,0.002541754
1.0,0,1.8407311e-26
1.0,0,3.3834433e-17
0.0,0,0.0
1.0,0,1.8325703e-17
0.0,0,0.0
0.0,0,6.16502e-19
1.0,0,0.0
1.0,0,1.1223974e-23
0.0,0,0.0
0.0,0,5.2454205e-13
1.0,0,0.0
1.0,0,1.509467e-26
0.0,0,0.0
0.0,0,0.0
1.0,0,0.0
0.0,0,3.3685674e-14
1.0,0,0.0
0.0,0,8.488827e-25
1.0,0,0.0
1.0,0,3.5982482e-26
0.0,0,0.0
1.0,0,2.3466666e-17
0.0,0,0.0
0.0,0,4.860877e-22
1.0,0,0.0
0.0,0,9.721977e-08
1.0,0,0.0
1.0,0,8.951436e-16
0.0,0,0.0
1.0,0,1.62886e-12
0.0,0,0.0
1.0,0,1.7132172e-28
0.0,0,0.0
1.0,0,1.6310507e-28
0.0,0,0.0
0.0,0,6.947079e-09
1.0,0,0.0
0.0,0,4.51133e-22
1.0,0,0.0
1.0,0,9.557224e-23
0.0,0,0.0
0.0,0,7.8912083e-13
1.0,0,0.0
0.0,0,2.1538171e-09
1.0,0,0.0
1.0,0,3.792983e-15
0.0,0,0.0
0.0,0,5.4682485e-17
1.0,0,0.0
1.0,0,0.0012910191
0.0,0,2.3392882e-21
0.0,0,1.4896564e-09
1.0,0,0.0
0.0,0,3.9931344e-08
1.0,0,3.468126e-37
0.0,0,1.5083965e-26
1.0,0,0.0
1.0,0,8.268081e-14
0.0,0,0.0
1.0,0,3.3710638e-24
0.0,0,0.0
1.0,0,4.316253e-14
0.0,0,0.0
1.0,0,1.620659e-13
0.0,0,0.0
1.0,0,2.7145237e-20
0.0,0,0.0
0.0,0,1.5981037e-17
1.0,0,0.0
0.0,0,0.0
1.0,0,0.0
0.0,0,7.1767065e-11
1.0,0,0.0
1.0,0,5.0377288e-14
0.0,0,0.0
0.0,0,6.879333e-12
1.0,0,0.0
0.0,0,8.288613e-13
1.0,0,0.0
0.0,0,8.5047205e-11
1.0,0,0.0
0.0,0,3.1857923e-26
1.0,0,0.0
0.0,0,1.16912756e-11
1.0,0,0.0
0.0,0,8.0358936e-10
1.0,0,0.0
0.0,0,4.4915087e-17
1.0,0,0.0
0.0,0,4.020181e-15
1.0,0,0.0
0.0,0,1.5949801e-16
1.0,0,0.0
0.0,0,0.0028955387
1.0,0,2.1368945e-30
0.0,0,1.7922763e-06
1.0,0,2.3141228e-31
1.0,0,6.5414206e-12
0.0,0,0.0
1.0,0,0.0
0.0,0,0.0
0.0,0,5.466002e-15
1.0,0,0.0
0.0,0,1.3102112e-13
1.0,0,0.0
1.0,0,3.200846e-13
0.0,0,0.0
0.0,0,0.0
1.0,0,0.0
0.0,0,0.0
1.0,0,0.0
1.0,0,2.6829188e-09
0.0,0,0.0
1.0,0,2.4515992e-05
0.0,0,0.0
1.0,0,1.3196152e-22
0.0,0,0.0
0.0,0,8.711412e-24
1.0,0,0.0
1.0,0,1.9028906e-25
0.0,0,0.0
1.0,0,2.192697e-17
0.0,0,0.0
0.0,0,7.617972e-37
1.0,0,0.0
1.0,0,7.221704e-26
0.0,0,0.0
1.0,0,3.4545254e-15
0.0,0,0.0
0.0,0,1.2975813e-11
1.0,0,0.0
0.0,0,1.4717073e-11
1.0,0,0.0
0.0,0,1.8099938e-10
1.0,0,0.0
0.0,0,7.826805e-26
1.0,0,0.0
1.0,0,0.15311126
0.0,0,2.3572857e-20
1.0,0,2.7421625e-23
0.0,0,0.0
0.0,0,3.979744e-12
1.0,0,0.0
1.0,0,3.4784096e-21
0.0,0,0.0
1.0,0,2.6018335e-27
0.0,0,0.0
0.0,0,2.555867e-17
1.0,0,0.0
1.0,0,5.9925522e-27
0.0,0,0.0
1.0,0,7.85294e-27
0.0,0,0.0
0.0,0,3.5439014e-15
1.0,0,0.0
1.0,0,1.21797945e-11
0.0,0,0.0
1.0,0,9.442599e-12
0.0,0,0.0
0.0,0,3.190853e-18
1.0,0,0.0
1.0,0,4.2615083e-15
0.0,0,0.0
0.0,0,1.4177902e-20
1.0,0,0.0
0.0,0,1.5253253e-21
1.0,0,0.0
0.0,0,2.128622e-21
1.0,0,0.0
0.0,0,5.5191955e-24
1.0,0,0.0
1.0,0,7.2194636e-21
0.0,0,0.0
1.0,0,6.0152675e-21
0.0,0,0.0
1.0,0,3.8997463e-09
0.0,0,0.0
0.0,0,6.3083165e-16
1.0,0,0.0
1.0,0,0.0
0.0,0,0.0
1.0,0,2.1999132e-11
0.0,0,0.0
0.0,0,6.71593e-18
1.0,0,0.0
1.0,0,2.0005173e-10
0.0,0,0.0
0.0,0,1.6352227e-12
1.0,0,0.0
1.0,0,7.513115e-17
0.0,0,0.0
0.0,0,9.5473014e-14
1.0,0,0.0
1.0,0,0.0
0.0,0,0.0
0.0,0,6.8250294e-16
1.0,0,0.0
0.0,0,4.306963e-09
1.0,0,0.0
1.0,0,1.3370491e-10
0.0,0,0.0
0.0,0,4.121696e-09
1.0,0,0.0
0.0,0,2.7228392e-14
1.0,0,0.0
1.0,0,3.3710186e-09
0.0,0,0.0
0.0,0,7.608985e-14
1.0,0,0.0
1.0,0,9.693753e-09
0.0,0,0.0
1.0,0,4.0085452e-10
0.0,0,0.0
0.0,0,3.450101e-11
1.0,0,0.0
1.0,0,4.5162243e-09
0.0,0,0.0
0.0,0,1.2210064e-17
1.0,0,0.0
1.0,0,2.3963447e-09
0.0,0,0.0
1.0,0,3.3508004e-20
0.0,0,0.0
0.0,0,3.699982e-20
1.0,0,0.0
1.0,0,1.82866e-24
0.0,0,0.0
1.0,0,9.3099565e-08
0.0,0,0.0
0.0,0,5.4517766e-12
1.0,0,0.0
1.0,0,2.1172659e-23
0.0,0,0.0
0.0,0,8.4956185e-35
1.0,0,0.0
1.0,0,7.881555e-12
0.0,0,0.0
1.0,0,5.8007926e-17
0.0,0,0.0
0.0,0,2.3819226e-16
1.0,0,0.0
0.0,0,6.7529397e-13
1.0,0,0.0
1.0,0,1.5421699e-28
0.0,0,0.0
0.0,0,1.4010365e-10
1.0,0,0.0
0.0,0,0.005047188
1.0,0,5.206936e-27
1.0,0,1.5023694e-15
0.0,0,0.0
1.0,0,9.688925e-25
0.0,0,0.0
0.0,0,3.7334542e-21
1.0,0,0.0
1.0,0,3.0978893e-17
0.0,0,0.0
1.0,0,3.7807292e-17
0.0,0,0.0
0.0,0,1.5523473e-18
1.0,0,0.0
1.0,0,1.2450139e-15
0.0,0,0.0
0.0,0,1.1481227e-19
1.0,0,0.0
0.0,0,1.439908e-28
1.0,0,0.0
0.0,0,5.696823e-14
1.0,0,0.0
1.0,0,1.5320737e-08
0.0,0,0.0
1.0,0,5.66803e-20
0.0,0,0.0
1.0,0,8.095638e-08
0.0,0,3.4501462e-34
1.0,0,9.184975e-08
0.0,0,2.8993895e-35
0.0,0,5.5501224e-14
1.0,0,0.0
1.0,0,1.194119e-18
0.0,0,0.0
1.0,0,2.769707e-15
0.0,0,0.0
1.0,0,4.652638e-21
0.0,0,0.0
1.0,0,1.5745317e-20
0.0,0,0.0
1.0,0,1.4904523e-20
0.0,0,0.0
1.0,0,8.072291e-20
0.0,0,0.0
0.0,0,5.005867e-12
1.0,0,0.0
1.0,0,2.0571464e-25
0.0,0,0.0
0.0,0,6.442311e-17
1.0,0,0.0
1.0,0,1.9769744e-16
0.0,0,0.0
1.0,0,3.3153595e-12
0.0,0,0.0
1.0,0,2.0417044e-19
0.0,0,0.0
0.0,0,5.863985e-15
1.0,0,0.0
0.0,0,1.3038063e-14
1.0,0,0.0
0.0,0,2.8345072e-34
1.0,0,0.0
0.0,0,1.8955216e-11
1.0,0,0.0
0.0,0,1.2668292e-11
1.0,0,0.0
0.0,0,2.3469012e-08
1.0,0,0.0
1.0,0,6.164017e-09
0.0,0,0.0
1.0,0,1.0768851e-17
0.0,0,0.0
0.0,0,2.0087137e-11
1.0,0,0.0
1.0,0,1.278464e-14
0.0,0,0.0
1.0,0,2.7452822e-07
0.0,0,0.0
1.0,0,7.1910344e-16
0.0,0,0.0
0.0,0,4.701059e-09
1.0,0,0.0
1.0,0,1.1365613e-20
0.0,0,0.0
1.0,0,4.7738714e-12
0.0,0,0.0
1.0,0,0.0
0.0,0,0.0
1.0,0,1.907427e-31
0.0,0,0.0
1.0,0,2.05311e-13
0.0,0,0.0
0.0,0,4.0677135e-13
1.0,0,0.0
0.0,0,9.927708e-12
1.0,0,0.0
1.0,0,1.771694e-14
0.0,0,0.0
1.0,0,9.291986e-12
0.0,0,0.0
0.0,0,1.6069946e-14
1.0,0,0.0
0.0,0,1.3969044e-12
1.0,0,0.0
0.0,0,1.3496071e-35
1.0,0,0.0
0.0,0,7.7393365e-19
1.0,0,0.0
1.0,0,6.938622e-15
0.0,0,0.0
1.0,0,3.3555645e-13
0.0,0,0.0
0.0,0,0.0005720982
1.0,0,2.7848522e-26
0.0,0,3.9508542e-30
1.0,0,0.0
1.0,0,1.156592e-14
0.0,0,0.0
1.0,0,5.7855264e-05
0.0,0,8.0208383e-22
1.0,0,4.088519e-10
0.0,0,0.0
1.0,0,3.8110092e-12
0.0,0,0.0
0.0,0,4.3471702e-36
1.0,0,0.0
1.0,0,1.5600731e-15
0.0,0,0.0
0.0,0,8.3405047e-16
1.0,0,0.0
0.0,0,4.523146e-13
1.0,0,0.0
0.0,0,2.4567643e-16
1.0,0,0.0
0.0,0,0.0
1.0,0,0.0
1.0,0,9.82373e-16
0.0,0,0.0
1.0,0,7.419263e-19
0.0,0,0.0
1.0,0,4.885146e-18
0.0,0,0.0
1.0,0,4.795569e-14
0.0,0,0.0
0.0,0,6.545236e-17
1.0,0,0.0
1.0,0,1.6511464e-09
0.0,0,0.0
1.0,0,4.168824e-10
0.0,0,0.0
1.0,0,6.203175e-16
0.0,0,0.0
1.0,0,1.2131521e-15
0.0,0,0.0
1.0,0,0.0015352996
0.0,0,2.3253753e-19
1.0,0,9.651371e-10
0.0,0,0.0
0.0,0,9.822822e-14
1.0,0,0.0
0.0,0,3.310276e-14
1.0,0,0.0
1.0,0,0.001027134
0.0,0,2.6532877e-30
1.0,0,7.2304665e-08
0.0,0,4.4279754e-36
1.0,0,3.197769e-10
0.0,0,0.0
1.0,0,4.0182906e-07
0.0,0,4.7168446e-37
0.0,0,0.00022449534
1.0,0,5.752395e-27
0.0,0,9.352948e-10
1.0,0,0.0
1.0,0,1.4938936e-12
0.0,0,0.0
0.0,0,9.533456e-21
1.0,0,0.0
0.0,0,4.5485463e-06
1.0,0,0.0
1.0,0,3.5596693e-06
0.0,0,0.0
1.0,0,1.0944385e-28
0.0,0,0.0
0.0,0,0.0
1.0,0,0.0
0.0,0,6.9125083e-26
1.0,0,0.0
1.0,0,7.4348375e-21
0.0,0,0.0
1.0,0,9.0995783e-17
0.0,0,0.0
0.0,0,0.00010173804
1.0,0,4.8562665e-28
1.0,0,4.4973126e-06
0.0,0,4.431466e-32
1.0,0,4.3325985e-15
0.0,0,0.0
0.0,0,0.0053334627
1.0,0,7.012378e-24
0.0,0,4.8489797e-14
1.0,0,0.0
0.0,0,3.7865273e-19
1.0,0,0.0
0.0,0,1.3395131e-20
1.0,0,0.0
0.0,0,8.359613e-17
1.0,0,0.0
0.0,0,3.2876432e-10
1.0,0,0.0
1.0,0,5.513282e-13
0.0,0,0.0
0.0,0,1.7310305e-16
1.0,0,0.0
1.0,0,5.6347717e-18
0.0,0,0.0
1.0,0,0.0446049
0.0,0,1.5578892e-13
1.0,0,2.8869652e-18
0.0,0,0.0
0.0,0,8.093946e-14
1.0,0,0.0
1.0,0,0.0
0.0,0,0.0
1.0,0,1.4560408e-15
0.0,0,0.0
0.0,0,1.8953804e-15
1.0,0,0.0
1.0,0,1.9831126e-11
0.0,0,0.0
1.0,0,1.4110892e-27
0.0,0,0.0
0.0,0,1.5577451e-06
1.0,0,3.6970955e-32
0.0,0,6.859585e-24
1.0,0,0.0
1.0,0,0.43022358
0.0,0,1.6326864e-15
1.0,0,3.308383e-07
0.0,0,0.0
1.0,0,1.0184549e-17
0.0,0,0.0
1.0,0,2.2574813e-25
0.0,0,0.0
0.0,0,2.4091852e-28
1.0,0,0.0
1.0,0,7.845781e-20
0.0,0,0.0
0.0,0,3.478817e-08
1.0,0,0.0
0.0,0,3.846003e-15
1.0,0,0.0
0.0,0,2.3989818e-14
1.0,0,0.0
1.0,0,1.308492e-37
0.0,0,0.0
1.0,0,1.5554893e-14
0.0,0,0.0
0.0,0,2.7308973e-09
1.0,0,0.0
0.0,0,9.050305e-12
1.0,0,0.0
1.0,0,1.8135622e-06
0.0,0,2.5135702e-36
0.0,0,9.712602e-11
1.0,0,0.0
0.0,0,4.2409036e-05
1.0,0,1.0433227e-25
0.0,0,0.00015834151
1.0,0,3.805019e-26
0.0,0,0.0005951214
1.0,0,2.422034e-18
1.0,0,6.064401e-17
0.0,0,0.0
1.0,0,1.0979322e-17
0.0,0,0.0
1.0,0,8.371611e-17
0.0,0,0.0
1.0,0,2.667874e-10
0.0,0,0.0
0.0,0,7.917984e-13
1.0,0,0.0
1.0,0,3.5790254e-20
0.0,0,0.0
1.0,0,8.43643e-14
0.0,0,0.0
1.0,0,4.66369e-10
0.0,0,0.0
0.0,0,1.3921846e-10
1.0,0,0.0
0.0,0,2.482462e-10
1.0,0,0.0
1.0,0,1.9794077e-09
0.0,0,0.0
1.0,0,4.929536e-16
0.0,0,0.0
0.0,0,5.6022054e-14
1.0,0,0.0
1.0,0,1.5866284e-14
0.0,0,0.0
0.0,0,1.9185953e-07
1.0,0,0.0
1.0,0,1.1957546e-08
0.0,0,0.0
1.0,0,2.8356641e-08
0.0,0,0.0
1.0,0,2.76902e-08
0.0,0,0.0
0.0,0,1.35619975e-17
1.0,0,0.0
0.0,0,1.2239502e-15
1.0,0,0.0
0.0,0,4.679446e-09
1.0,0,0.0
1.0,0,1.74567e-05
0.0,0,0.0
0.0,0,6.46483e-19
1.0,0,0.0
1.0,0,5.590496e-07
0.0,0,0.0
1.0,0,4.2066167e-19
0.0,0,0.0
0.0,0,0.0
1.0,0,0.0
0.0,0,0.0
1.0,0,0.0
1.0,0,1.985391e-11
0.0,0,0.0
1.0,0,6.7038715e-11
0.0,0,0.0
1.0,0,4.2571755e-06
0.0,0,0.0
1.0,0,0.00025222087
0.0,0,2.7926367e-28
0.0,0,0.00014749082
1.0,0,1.8320767e-29
0.0,0,3.982801e-10
1.0,0,0.0
0.0,0,8.646475e-08
1.0,0,0.0
0.0,0,4.758427e-07
1.0,0,0.0
1.0,0,4.6273357e-07
0.0,0,0.0
1.0,0,5.5052317e-17
0.0,0,0.0
1.0,0,0.0
0.0,0,0.0
0.0,0,8.9915744e-17
1.0,0,0.0
1.0,0,5.5337015e-12
0.0,0,0.0
0.0,0,8.137264e-16
1.0,0,0.0
0.0,0,6.445544e-13
1.0,0,0.0
0.0,0,2.51213e-15
1.0,0,0.0
0.0,0,3.8641063e-11
1.0,0,0.0
0.0,0,1.9244922e-07
1.0,0,1.0010055e-34
0.0,0,1.711457e-13
1.0,0,0.0
0.0,0,0.1615386
1.0,0,1.7606672e-15
0.0,0,0.0641428
1.0,0,6.1817908e-18
1.0,0,2.0804207e-12
0.0,0,0.0
1.0,0,2.2627745e-33
0.0,0,0.0
0.0,0,7.443099e-20
1.0,0,0.0
1.0,0,5.3324845e-07
0.0,0,0.0
1.0,0,2.2533972e-07
0.0,0,0.0
1.0,0,1.1261276e-17
0.0,0,0.0
1.0,0,0.00043192806
0.0,0,4.718012e-38
0.0,0,4.035848e-14
1.0,0,0.0
1.0,0,5.546914e-11
0.0,0,0.0
0.0,0,0.00021959042
1.0,0,2.955932e-20
0.0,0,0.0
1.0,0,0.0
1.0,0,7.390068e-12
0.0,0,0.0
1.0,0,1.1575368e-10
0.0,0,0.0
1.0,0,4.914094e-12
0.0,0,0.0
1.0,0,5.3050577e-08
0.0,0,2.089561e-37
1.0,0,1.6156738e-10
0.0,0,0.0
0.0,0,6.6707855e-11
1.0,0,0.0
0.0,0,0.0
1.0,0,0.0
0.0,0,0.0019268602
1.0,0,5.4870388e-15
0.0,0,0.0
1.0,0,0.0
0.0,0,1.9987986e-16
1.0,0,0.0
1.0,0,1.5376737e-31
0.0,0,0.0
0.0,0,2.2544244e-19
1.0,0,0.0
0.0,0,0.0
1.0,0,0.0
0.0,0,1.0645364e-35
1.0,0,0.0
1.0,0,1.9823505e-13
0.0,0,0.0
0.0,0,0.0
1.0,0,0.0
0.0,0,7.37341e-20
1.0,0,0.0
1.0,0,2.2558083e-20
0.0,0,0.0
0.0,0,7.958692e-22
1.0,0,0.0
1.0,0,7.10204e-08
0.0,0,0.0
0.0,0,2.6937326e-13
1.0,0,0.0
1.0,0,8.2347904e-30
0.0,0,0.0
0.0,0,3.6660507e-21
1.0,0,0.0
0.0,0,5.1223127e-15
1.0,0,0.0
0.0,0,8.660095e-15
1.0,0,0.0
0.0,0,8.3701535e-22
1.0,0,0.0
1.0,0,4.4069387e-24
0.0,0,0.0
0.0,0,3.6894e-26
1.0,0,0.0
1.0,0,1.7065642e-09
0.0,0,0.0
1.0,0,7.5316855e-08
0.0,0,0.0
0.0,0,1.0633389e-05
1.0,0,1.9530141e-35
1.0,0,7.962171e-18
0.0,0,0.0
0.0,0,8.2772e-18
1.0,0,0.0
1.0,0,8.1746875e-25
0.0,0,0.0
0.0,0,3.212713e-08
1.0,0,0.0
1.0,0,1.9526169e-11
0.0,0,0.0
1.0,0,2.9842508e-09
0.0,0,0.0
1.0,0,2.4062272e-10
0.0,0,0.0
0.0,0,6.2546994e-13
1.0,0,0.0
1.0,0,6.083138e-12
0.0,0,0.0
0.0,0,2.0820781e-14
1.0,0,0.0
1.0,0,1.4912011e-30
0.0,0,0.0
0.0,0,1.1131561e-05
1.0,0,3.422215e-33
0.0,0,7.62797e-12
1.0,0,0.0
1.0,0,3.084863e-14
0.0,0,0.0
1.0,0,1.2614889e-14
0.0,0,0.0
1.0,0,1.2069242e-13
0.0,0,0.0
0.0,0,2.5018091e-17
1.0,0,0.0
0.0,0,5.814472e-07
1.0,0,1.9427367e-36
0.0,0,0.0
1.0,0,0.0
0.0,0,4.323078e-35
1.0,0,0.0
1.0,0,1.507111e-22
0.0,0,0.0
1.0,0,4.754494e-10
0.0,0,0.0
1.0,0,1.4323992e-10
0.0,0,0.0
1.0,0,4.877924e-13
0.0,0,0.0
0.0,0,2.3677358e-16
1.0,0,0.0
0.0,0,3.9365244e-08
1.0,0,0.0
1.0,0,4.966816e-12
0.0,0,0.0
1.0,0,3.5901127e-10
0.0,0,0.0
1.0,0,1.3673417e-06
0.0,0,5.054758e-39
1.0,0,1.8830925e-15
0.0,0,0.0
1.0,0,2.346081e-20
0.0,0,0.0
1.0,0,5.0689588e-21
0.0,0,0.0
1.0,0,1.9559873e-14
0.0,0,0.0
0.0,0,1.4693004e-08
1.0,0,0.0
0.0,0,0.0
1.0,0,0.0
1.0,0,2.5844716e-07
0.0,0,0.0
1.0,0,4.861461e-11
0.0,0,0.0
0.0,0,8.894269e-06
1.0,0,6.2151877e-30
0.0,0,2.2109064e-17
1.0,0,0.0
1.0,0,4.2885476e-06
0.0,0,1.3672715e-29
1.0,0,9.74403e-08
0.0,0,0.0
1.0,0,4.7920327e-13
0.0,0,0.0
1.0,0,1.2286605e-16
0.0,0,0.0
0.0,0,7.934846e-08
1.0,0,0.0
1.0,0,5.7383515e-10
0.0,0,0.0
1.0,0,1.0274165e-20
0.0,0,0.0
1.0,0,1.9328087e-14
0.0,0,0.0
1.0,0,2.947447e-24
0.0,0,0.0
0.0,0,4.861365e-20
1.0,0,0.0
1.0,0,0.0
0.0,0,0.0
0.0,0,1.10444125e-13
1.0,0,0.0
0.0,0,2.1620495e-16
1.0,0,0.0
1.0,0,0.00032286713
0.0,0,1.9561754e-20
0.0,0,7.601972e-12
1.0,0,0.0
1.0,0,0.0
0.0,0,0.0
1.0,0,2.434379e-20
0.0,0,0.0
1.0,0,1.3198337e-19
0.0,0,0.0
1.0,0,0.0021255559
0.0,0,3.286249e-15
0.0,0,0.0
1.0,0,0.0
1.0,0,1.7272745e-08
0.0,0,0.0
0.0,0,2.4114456e-22
1.0,0,0.0
0.0,0,0.0
1.0,0,0.0
0.0,0,0.0
1.0,0,0.0
1.0,0,4.552728e-05
0.0,0,3.5632463e-22
1.0,0,0.0
0.0,0,0.0
0.0,0,0.0025074757
1.0,0,1.4582438e-20
0.0,0,1.1434707e-14
1.0,0,0.0
1.0,0,4.360029e-19
0.0,0,0.0
1.0,0,2.545763e-09
0.0,0,0.0
0.0,0,1.6595948e-21
1.0,0,0.0
1.0,0,3.971401e-17
0.0,0,0.0
1.0,0,2.5787328e-06
0.0,0,7.6490215e-35
1.0,0,5.892791e-18
0.0,0,0.0
0.0,0,0.00019228432
1.0,0,0.0
1.0,0,4.9027775e-11
0.0,0,0.0
1.0,0,0.00013709936
0.0,0,1.1780308e-24
0.0,0,0.004759431
1.0,0,3.2635917e-20
0.0,0,0.0047032293
1.0,0,3.328925e-20
1.0,0,1.2154967e-14
0.0,0,0.0
1.0,0,6.7516465e-11
0.0,0,0.0
1.0,0,4.150568e-21
0.0,0,0.0
0.0,0,2.7835622e-22
1.0,0,0.0
0.0,0,2.1515905e-25
1.0,0,0.0
0.0,0,4.3060442e-12
1.0,0,0.0
0.0,0,8.6294574e-23
1.0,0,0.0
