latitude,longitude,name,type
-12.973049,-38.454253,29179670,School
-12.954214,-38.437683,29181283,School
-12.965289,-38.464399,29181291,School
-12.971366,-38.461385,29185262,School
-12.973354,-38.454936,29194288,School
-12.968815,-38.463173,29192838,School
-12.967489,-38.456957,29193400,School
-12.973338,-38.468017,29193702,School
-12.950388,-38.465307,29198852,School
-12.947527,-38.468693,29194563,School
-12.94968,-38.465203,29336392,School
-12.973338,-38.467802,29192366,School
-12.930712,-38.442751,29184096,School
-12.949976,-38.459351,29189128,School
-12.944191,-38.462144,29194113,School
-12.948379,-38.441154,29194326,School
-12.936924,-38.436764,29194253,School
-12.931674,-38.468137,29194334,School
-12.95006,-38.460428,29194156,School
-12.938175,-38.461049,29186366,School
-12.933403,-38.459293,29186161,School
-12.941898,-38.454492,29187389,School
-12.931579,-38.468354,29193290,School
-12.942889,-38.438435,29194881,School
-12.951387,-38.439566,29336651,School
-12.936561,-38.432335,29404614,School
-12.943946,-38.451928,29425832,School
-12.933327,-38.464626,29404398,School
-12.965024,-38.47409,29189292,School
-12.94602,-38.447497,29404444,School
-12.940056,-38.451135,29434386,School
-12.931133,-38.440499,29434378,School
-12.956826,-38.442897,29192269,School
-12.934299,-38.447541,29195535,School
-12.936033,-38.435184,29190215,School
-12.966549,-38.463048,29434416,School
-12.941392,-38.453209,29443431,School
-12.95829,-38.454886,29344433,School
-12.930233,-38.442689,29411505,School
-12.965658,-38.464278,29412250,School
-12.957847,-38.442201,29344760,School
-12.930183,-38.461573,29994756,School
-12.941172,-38.443063,29190274,School
-12.958003,-38.455002,29190975,School
-12.963177,-38.460068,29182069,School
-12.932597,-38.456834,29468540,School
-12.934046,-38.439316,29468558,School
-12.971282,-38.471333,29470420,School
-12.915592,-38.425337,29194466,School
-12.9238005,-38.4217496,29186340,School
-12.9253452,-38.4198754,29190258,School
-12.913739,-38.423988,29384532,School
-12.9086971,-38.3923901,29189977,School
-12.866668,-38.423809,29194202,School
-12.882334,-38.40735,29194210,School
-12.8976136,-38.4379262,29194130,School
-12.866822,-38.423892,29193664,School
-12.8991056,-38.4008751,29194385,School
-12.8959975,-38.4278085,29382718,School
-12.8826071,-38.406274,29193575,School
-12.8658366,-38.4353126,29336511,School
-12.9048903,-38.3907652,29384630,School
-12.88836,-38.404816,29384605,School
-12.8878636,-38.4269464,29384761,School
-12.9158046,-38.459425,29195829,School
-12.894152,-38.442328,29192358,School
-12.859645,-38.421301,29193010,School
-12.870431,-38.43507,29425883,School
-12.8939353,-38.4337019,29432049,School
-12.903538,-38.3950461,29192072,School
-12.9160853,-38.4106412,29188938,School
-12.917371,-38.4134187,29192927,School
-12.890351,-38.437529,29191726,School
-12.8923206,-38.3936631,29336538,School
-12.8923901,-38.4075929,29357764,School
-12.867663,-38.431351,29187117,School
-12.9014722,-38.4137147,29438365,School
-12.852278,-38.440455,29438381,School
-12.8725518,-38.4361815,29438357,School
-12.885112,-38.416012,29445981,School
-12.8627255,-38.440107,29474604,School
-12.9180052,-38.4213993,29447445,School
-12.9020804,-38.4205844,29447615,School
-12.888118,-38.435049,29411521,School
-12.890524,-38.409299,29411530,School
-12.8983003,-38.413202,29344794,School
-12.897882,-38.406534,29344859,School
-12.9130787,-38.3917459,29399335,School
-12.895095,-38.421362,29358043,School
-12.929803,-38.408353,29456274,School
-12.8984904,-38.413765,29468566,School
-12.891887,-38.410046,29468574,School
-12.924039,-38.411688,29470382,School
-12.902342,-38.396743,29470412,School
-12.926975,-38.414035,29472792,School
-12.979602,-38.510023,29199069,School
-12.982063,-38.511665,29190460,School
-12.98304,-38.477092,29186277,School
-12.975945,-38.486753,29190592,School
-12.985415,-38.518924,29188172,School
-12.975673,-38.486209,29185912,School
-12.976448,-38.50872,29194490,School
-12.9846,-38.474907,29185793,School
-12.98733,-38.483548,29184665,School
-12.97718,-38.487944,29194954,School
-12.985181,-38.487749,29199050,School
-12.980975,-38.488873,29185858,School
-12.981716,-38.485138,29182824,School
-12.973003,-38.509161,29384540,School
-12.986671,-38.509989,29384613,School
-12.961705,-38.501219,29187478,School
-12.97059,-38.506039,29189900,School
-12.989807,-38.517689,29187966,School
-12.969463,-38.494911,29189470,School
-12.981667,-38.518864,29192200,School
-12.996292,-38.528807,29186811,School
-12.988349,-38.500842,29193745,School
-12.977977,-38.499517,29193648,School
-12.969251,-38.507781,29188741,School
-12.988424,-38.482005,29186650,School
-13.00837,-38.501537,29432170,School
-12.978016,-38.50662,29188121,School
-12.976987,-38.500696,29187702,School
-12.98885,-38.504029,29193257,School
-12.981313,-38.479036,29187176,School
-12.983091,-38.486623,29436796,School
-12.989513,-38.484811,29190681,School
-12.996392,-38.483344,29447623,School
-12.975656,-38.486886,29344522,School
-12.983762,-38.48679,29344719,School
-12.987468,-38.495741,29344620,School
-12.983204,-38.46735,29404975,School
-12.996477,-38.525123,29190509,School
-12.976714,-38.483391,29195900,School
-12.994171,-38.512079,29192846,School
-12.980994,-38.500687,29196795,School
-12.9359069,-38.49382,29189837,School
-12.925172,-38.504617,29184789,School
-12.9194567,-38.49711,29194504,School
-12.9259911,-38.5019126,29185530,School
-12.9441783,-38.495995,29192811,School
-12.9344017,-38.4926429,29187044,School
-12.93333,-38.495575,29198771,School
-12.9304234,-38.5037837,29186471,School
-12.9231977,-38.5028721,29189551,School
-12.9246605,-38.5088734,29187249,School
-12.9385465,-38.4957667,29190690,School
-12.937781,-38.499691,29189110,School
-12.924211,-38.498706,29193788,School
-12.933604,-38.504269,29192676,School
-12.9307283,-38.4973228,29188512,School
-12.924312,-38.494242,29187087,School
-12.9307232,-38.4954739,29188180,School
-12.924606,-38.498922,29190037,School
-12.936065,-38.493067,29189845,School
-12.932807,-38.511195,29188814,School
-12.919471,-38.494589,29180066,School
-12.933636,-38.504175,29411432,School
-12.919356,-38.496341,29344573,School
-12.929318,-38.501362,29412234,School
-12.929626,-38.510764,29344751,School
-12.918145,-38.495233,29187338,School
-12.9232745,-38.5028944,29189071,School
-12.932036,-38.490885,29470137,School
-12.978235,-38.432729,29188989,School
-12.981998,-38.433542,29190495,School
-12.978362,-38.426395,29199522,School
-12.967807,-38.415145,29194296,School
-12.942172,-38.365846,29184622,School
-12.97822,-38.429329,29188504,School
-12.967984,-38.419579,29336562,School
-12.911001,-38.351267,29189675,School
-12.947937,-38.369831,29193508,School
-12.940468,-38.35762,29194415,School
-12.913619,-38.34798,29186374,School
-12.914816,-38.365955,29336430,School
-12.862407,-38.397284,29193192,School
-12.944771,-38.377138,29368111,School
-12.919025,-38.405896,29384770,School
-12.912023,-38.34913,29404592,School
-12.926074,-38.37698,29404606,School
-12.969846,-38.419476,29404584,School
-12.978782,-38.438705,29415063,School
-12.909096,-38.366499,29413761,School
-12.833,-38.376108,29415802,School
-12.900713,-38.365248,29413672,School
-12.914182,-38.348069,29193206,School
-12.94551,-38.380292,29423066,School
-12.974983,-38.425761,29182794,School
-12.910968,-38.354792,29192340,School
-12.936658,-38.369913,29191548,School
-12.913153,-38.357872,29191122,School
-12.91299,-38.378556,29432740,School
-12.970351,-38.414472,29434394,School
-12.977718,-38.433077,29180058,School
-12.931049,-38.376938,29194679,School
-12.939516,-38.359716,29190800,School
-12.917117,-38.364577,29195527,School
-12.992126,-38.444576,29434424,School
-12.982979,-38.435968,29438390,School
-12.961326,-38.406495,29447607,School
-12.91742,-38.365796,29411513,School
-12.937584,-38.372671,29411475,School
-12.967493,-38.417662,29344654,School
-12.913537,-38.348197,29412242,School
-12.973626,-38.433483,29344832,School
-12.82959,-38.371545,29850827,School
-12.917176,-38.352216,29422434,School
-12.985314,-38.437482,29191327,School
-12.936658,-38.369913,29449227,School
-12.970321,-38.422013,29456282,School
-12.918678,-38.346552,29468582,School
-12.908955,-38.366997,29468590,School
-12.901535,-38.36525,29468612,School
-12.978528,-38.426398,29468930,School
-12.886736,-38.362929,29470048,School
-12.944088,-38.361157,29470110,School
-12.934341,-38.370353,29470129,School
-12.85154,-38.385975,29472822,School
-12.893301,-38.360797,29472857,School
-12.946035,-38.490391,29184088,School
-12.948578,-38.492192,29200318,School
-12.957499,-38.481635,29193524,School
-12.959754,-38.483942,29191580,School
-12.96305,-38.484322,29199808,School
-12.961878,-38.481908,29336317,School
-12.952704,-38.490142,29186439,School
-12.952543,-38.499645,29195314,School
-12.951112,-38.493751,29336635,School
-12.954239,-38.489575,29192382,School
-12.955597,-38.497559,29186625,School
-12.940603,-38.491023,29186021,School
-12.961427,-38.493199,29193435,School
-12.954081,-38.487043,29189527,School
-12.955691,-38.493818,29190339,School
-12.943756,-38.489481,29190304,School
-12.960003,-38.484082,29190312,School
-12.953955,-38.479203,29189810,School
-12.954886,-38.49958,29188636,School
-12.966879,-38.480128,29194628,School
-12.958234,-38.487392,29411564,School
-12.961451,-38.481761,29344638,School
-12.953706,-38.479146,29411556,School
-12.966715,-38.499214,29180244,School
-12.958476,-38.479863,29468191,School
-12.953776,-38.484844,29470145,School
-13.00206,-38.477741,29186315,School
-13.005031,-38.47037,29336597,School
-13.000711,-38.502023,29190061,School
-13.012219,-38.479627,29191793,School
-13.005878,-38.482905,29194547,School
-13.01485,-38.48773,29192803,School
-12.992274,-38.504103,29185971,School
-12.99373,-38.501063,29186307,School
-13.0016,-38.4961,29194539,School
-13.007308,-38.473817,29188318,School
-12.991813,-38.502181,29187915,School
-13.003313,-38.47592,29198836,School
-13.002082,-38.514657,29186463,School
-13.001941,-38.514595,29182816,School
-13.002025,-38.50148,29190347,School
-13.012973,-38.487499,29199700,School
-13.002782,-38.518226,29184568,School
-13.004148,-38.472487,29187982,School
-13.00228,-38.481448,29415497,School
-13.009938,-38.491746,29190355,School
-13.006337,-38.503284,29187850,School
-13.005187,-38.480721,29190240,School
-13.008582,-38.483785,29181224,School
-13.001271,-38.499835,29191050,School
-13.010964,-38.500033,29189217,School
-13.005514,-38.522951,29188300,School
-12.997994,-38.512406,29200016,School
-13.011572,-38.47374,29193559,School
-12.999107,-38.498431,29192986,School
-13.000267,-38.476475,29193168,School
-13.00567,-38.468394,29190762,School
-13.003284,-38.47266,29412277,School
-12.996529,-38.511234,29411440,School
-12.996793,-38.503063,29344778,School
-13.000485,-38.515277,29411769,School
-12.994613,-38.496325,29359422,School
-13.013835,-38.476866,29467926,School
-13.006496,-38.477238,29474590,School
-12.918354,-38.443963,29184177,School
-12.926382,-38.43649,29198844,School
-12.904319,-38.428846,29190371,School
-12.902951,-38.428058,29181259,School
-12.903367,-38.440621,29198933,School
-12.903533,-38.449116,29184851,School
-12.901563,-38.464928,29192625,School
-12.913039,-38.443113,29186005,School
-12.92569,-38.438827,29186013,School
-12.897819,-38.45985,29187370,School
-12.918214,-38.442557,29186447,School
-12.918422,-38.442055,29196299,School
-12.905501,-38.42627,29384648,School
-12.916856,-38.442641,29189624,School
-12.898138,-38.429948,29384567,School
-12.910176,-38.442809,29191181,School
-12.91543,-38.451064,29193001,School
-12.906662,-38.429961,29423260,School
-12.92848,-38.435887,29423252,School
-12.930845,-38.417879,29188407,School
-12.904416,-38.43332,29192102,School
-12.901216,-38.434273,29189969,School
-12.910255,-38.425597,29188962,School
-12.925089,-38.43992,29434084,School
-12.906226,-38.437849,29435331,School
-12.928263,-38.432464,29438373,School
-12.903972,-38.450073,29436915,School
-12.922834,-38.437624,29414890,School
-12.908935,-38.425356,29411459,School
-12.892575,-38.456049,29411467,School
-12.907528,-38.434449,29344840,School
-12.89337,-38.459697,29448913,School
-12.924966,-38.434566,29469465,School
-12.934922,-38.476105,29184347,School
-12.928864,-38.479939,29184860,School
-12.93339,-38.480367,29184444,School
-12.939974,-38.474116,29179475,School
-12.925065,-38.472727,29190231,School
-12.941015,-38.473469,29184681,School
-12.933345,-38.475863,29198968,School
-12.941743,-38.483044,29194393,School
-12.92548,-38.477225,29190657,School
-12.914909,-38.47065,29186030,School
-12.94047,-38.474523,29194083,School
-12.94355,-38.473658,29194172,School
-12.930251,-38.484006,29368138,School
-12.939626,-38.488154,29189578,School
-12.906831,-38.471819,29336686,School
-12.919527,-38.468955,29179319,School
-12.914089,-38.47177,29377471,School
-12.93844,-38.490116,29190282,School
-12.938272,-38.48534,29190320,School
-12.923806,-38.478464,29191670,School
-12.919066,-38.476116,29191904,School
-12.945336,-38.468311,29384583,School
-12.926825,-38.482698,29188059,School
-12.934227,-38.480645,29191297,School
-12.924226,-38.461868,29423040,School
-12.930288,-38.475057,29189543,School
-12.94321,-38.481843,29189497,School
-12.915244,-38.478491,29185459,School
-12.933327,-38.483049,29192552,School
-12.918472,-38.468378,29182832,School
-12.94753,-38.473474,29434246,School
-12.919089,-38.476514,29344441,School
-12.950107,-38.472621,29344565,School
-12.938359,-38.476747,29411483,School
-12.945713,-38.478646,29344662,School
-12.929743,-38.484809,29404789,School
-12.950107,-38.472621,29344816,School
-12.908639,-38.477916,29414628,School
-12.945226,-38.478887,29449235,School
-12.946662,-38.479521,29404436,School
-12.874118,-38.470683,29189390,School
-12.883125,-38.477254,29181232,School
-12.882317,-38.469569,29190053,School
-12.880158,-38.475167,29191742,School
-12.899259,-38.489311,29194318,School
-12.848663,-38.459926,29194350,School
-12.887051,-38.474068,29185777,School
-12.848077,-38.459094,29194237,School
-12.891442,-38.486447,29336554,School
-12.882455,-38.471505,29186870,School
-12.855245,-38.461539,29199077,School
-12.872506,-38.47681,29189004,School
-12.890044,-38.477963,29190398,School
-12.848099,-38.452656,29425840,School
-12.932998,-38.487922,29184797,School
-12.913085,-38.48055,29193583,School
-12.921093,-38.481665,29196477,School
-12.904462,-38.485392,29189233,School
-12.902915,-38.477104,29192668,School
-12.848057,-38.458413,29192161,School
-12.871606,-38.477513,29191696,School
-12.924699,-38.485091,29187427,School
-12.905043,-38.487692,29192323,School
-12.90056,-38.490038,29187826,School
-12.899129,-38.489334,29188547,School
-12.885569,-38.483324,29196850,School
-12.847622,-38.461118,29184010,School
-12.852199,-38.456079,29434254,School
-12.924859,-38.487268,29412269,School
-12.935654,-38.490404,29411750,School
-12.853955,-38.457273,29411548,School
-12.846753,-38.450738,29534801,School
-12.889114,-38.472052,29854750,School
-12.847222,-38.450689,29449197,School
-12.851238,-38.453232,29448905,School
-12.904235,-38.478266,29190983,School
-12.889956,-38.475086,29468620,School
-12.858092,-38.459306,29472881,School
-12.832888,-38.468249,29186285,School
-12.855594,-38.466581,29184207,School
-12.847597,-38.470157,29415004,School
-12.84861,-38.474812,29432030,School
-12.791556,-38.532857,29199921,School
-12.759617,-38.518801,29199956,School
-12.758686,-38.639921,29184320,School
-12.772115,-38.621081,29186390,School
-12.823771,-38.48326,29185165,School
-12.782404,-38.516322,29191289,School
-12.859918,-38.477922,29186765,School
-12.852381,-38.468936,29192536,School
-12.792794,-38.532501,29184657,School
-12.866049,-38.474717,29191599,School
-12.865314,-38.476889,29199093,School
-12.841959,-38.467697,29194261,School
-12.8398,-38.465977,29186587,School
-12.773937,-38.530777,29186536,School
-12.834926,-38.471548,29187060,School
-12.843001,-38.466628,29192056,School
-12.870052,-38.473707,29194270,School
-12.870034,-38.473678,29194458,School
-12.85496,-38.470551,29189160,School
-12.863758,-38.475235,29187834,School
-12.831,-38.468586,29187680,School
-12.839049,-38.469605,29190665,School
-12.833588,-38.475821,29190940,School
-12.74333,-38.533234,29447682,School
-12.845354,-38.466606,29344417,School
-12.858811,-38.462316,29467900,School
-12.85879,-38.466033,29467896,School
-12.834105,-38.475209,29468639,School
-12.866061,-38.471309,29468647,School
-12.849707,-38.475408,29468922,School
-12.762792,-38.639761,29470390,School
-12.862987,-38.479275,29472830,School
-12.781412,-38.625727,29472849,School
-12.840773,-38.451331,29477301,School
-12.9729442596436,-38.4534606933594,45832830,Bus Stop
-12.9542779922485,-38.4381561279297,44783402,Bus Stop
-12.9663915634155,-38.4649925231934,45832819,Bus Stop
-12.9710998535156,-38.4606895446777,44783966,Bus Stop
-12.9729442596436,-38.4534606933594,45832830,Bus Stop
-12.9684257507324,-38.4618225097656,45832840,Bus Stop
-12.9684381484985,-38.4566192626953,45832836,Bus Stop
-12.9711208343506,-38.4710235595703,45832798,Bus Stop
-12.9494218826294,-38.4653701782227,44784375,Bus Stop
-12.9476413726807,-38.4679069519043,45834560_S,Bus Stop
-12.9494218826294,-38.4653701782227,44784375,Bus Stop
-12.9711208343506,-38.4710235595703,45832798,Bus Stop
-12.931565284729,-38.444393157959,43968810_S,Bus Stop
-12.9501047134399,-38.4603424072266,58692509,Bus Stop
-12.9443979263306,-38.4617652893066,44782348_S,Bus Stop
-12.9482345581055,-38.4408874511719,45833883,Bus Stop
-12.9372682571411,-38.4371452331543,200498924,Bus Stop
-12.9318332672119,-38.4675483703613,45834584_S,Bus Stop
-12.9501047134399,-38.4603424072266,58692509,Bus Stop
-12.9378538131714,-38.4610710144043,45834852_S,Bus Stop
-12.9333534240723,-38.4592323303223,45834849,Bus Stop
-12.9422092437744,-38.4549865722656,45833225,Bus Stop
-12.9318332672119,-38.4675483703613,45834584_S,Bus Stop
-12.9428129196167,-38.4386024475098,44782944_S,Bus Stop
-12.9510154724121,-38.439567565918,45833884,Bus Stop
-12.9362077713013,-38.4321899414063,45834758_S,Bus Stop
-12.9425344467163,-38.4496459960938,45834680,Bus Stop
-12.9311857223511,-38.4660987854004,46907101,Bus Stop
-12.9660730361938,-38.475715637207,137277419,Bus Stop
-12.9463891983032,-38.447582244873,45834674,Bus Stop
-12.9404993057251,-38.450740814209,47566109,Bus Stop
-12.9292211532593,-38.439624786377,179982649,Bus Stop
-12.9561634063721,-38.4432983398438,44782578_S,Bus Stop
-12.9343137741089,-38.4474411010742,45833925,Bus Stop
-12.9358787536621,-38.435863494873,44784339,Bus Stop
-12.9664831161499,-38.4633331298828,45833572,Bus Stop
-12.9415225982666,-38.4537620544434,45833227,Bus Stop
-12.9578971862793,-38.453971862793,44784292,Bus Stop
-12.931565284729,-38.444393157959,43968810_S,Bus Stop
-12.9663915634155,-38.4649925231934,45832819,Bus Stop
-12.9587326049805,-38.4419822692871,44784207,Bus Stop
-12.9300117492676,-38.4618911743164,44093682_S,Bus Stop
-12.9397821426392,-38.4457550048828,44784403_S,Bus Stop
-12.9578971862793,-38.453971862793,44784292,Bus Stop
-12.9630346298218,-38.4601440429688,44093075,Bus Stop
-12.9327907562256,-38.4571952819824,46906977,Bus Stop
-12.9351501464844,-38.4405784606934,44782337,Bus Stop
-12.9715242385864,-38.471492767334,45832841,Bus Stop
-12.9156532287598,-38.4253959655762,45833336,Bus Stop
-12.9233713150024,-38.4219512939453,44784050,Bus Stop
-12.9253835678101,-38.4198684692383,45833298,Bus Stop
-12.9136009216309,-38.4244003295898,45833805,Bus Stop
-12.9090213775635,-38.392147064209,45833023,Bus Stop
-12.8668451309204,-38.4238395690918,47568126,Bus Stop
-12.8824167251587,-38.407096862793,44782646,Bus Stop
-12.8994998931885,-38.4382667541504,346638857,Bus Stop
-12.8668451309204,-38.4238395690918,47568126,Bus Stop
-12.8991537094116,-38.4008255004883,46906538,Bus Stop
-12.8959932327271,-38.4283638000488,45834633,Bus Stop
-12.8827390670776,-38.4063148498535,45834595,Bus Stop
-12.8644952774048,-38.4357872009277,44783594,Bus Stop
-12.9048166275024,-38.3905868530273,44783281,Bus Stop
-12.8881282806396,-38.4058113098145,44782375,Bus Stop
-12.8883199691772,-38.4268341064453,45834618,Bus Stop
-12.9154825210571,-38.4597434997559,44165065,Bus Stop
-12.8951501846313,-38.4421997070313,333226368,Bus Stop
-12.8604936599731,-38.4221954345703,63772058,Bus Stop
-12.8709268569946,-38.4337997436523,101214305,Bus Stop
-12.8944416046143,-38.4324607849121,45834274,Bus Stop
-12.9033050537109,-38.3953437805176,45833017_S,Bus Stop
-12.915771484375,-38.4088325500488,45834097_S,Bus Stop
-12.9179821014404,-38.4142074584961,44784196,Bus Stop
-12.8903350830078,-38.4375495910645,164747013,Bus Stop
-12.8917646408081,-38.3948249816895,45833276,Bus Stop
-12.8927116394043,-38.4067878723145,45832927,Bus Stop
-12.8667869567871,-38.4331398010254,45834666,Bus Stop
-12.9016132354736,-38.4137535095215,45833092,Bus Stop
-12.8554134368896,-38.4420623779297,345589455,Bus Stop
-12.8719072341919,-38.4352989196777,44783222,Bus Stop
-12.8856801986694,-38.4147872924805,44782640,Bus Stop
-12.8622751235962,-38.4369430541992,44783260,Bus Stop
-12.9170236587524,-38.4218368530273,45833334,Bus Stop
-12.9019823074341,-38.4203987121582,45833086,Bus Stop
-12.8886995315552,-38.4355163574219,45833043,Bus Stop
-12.8906574249268,-38.4091911315918,45832958_S,Bus Stop
-12.8994579315186,-38.4129638671875,44782645,Bus Stop
-12.8992986679077,-38.4076728820801,100722777,Bus Stop
-12.913480758667,-38.391918182373,47566954,Bus Stop
-12.8936233520508,-38.4210510253906,45832942,Bus Stop
-12.9289922714233,-38.4084663391113,45834409,Bus Stop
-12.8994579315186,-38.4129638671875,44782645,Bus Stop
-12.8924160003662,-38.4103889465332,45832962,Bus Stop
-12.9252777099609,-38.4139518737793,106367556,Bus Stop
-12.9033050537109,-38.3953437805176,45833017_S,Bus Stop
-12.9282293319702,-38.4149703979492,45833300,Bus Stop
-12.9803667068481,-38.5090789794922,49017907,Bus Stop
-12.9810285568237,-38.5118026733398,44784152,Bus Stop
-12.9821434020996,-38.477912902832,46022057,Bus Stop
-12.9754762649536,-38.4870452880859,45834249,Bus Stop
-12.9853944778442,-38.5190200805664,230566434,Bus Stop
-12.9755706787109,-38.4862403869629,44784214,Bus Stop
-12.9756889343262,-38.5089569091797,44782954,Bus Stop
-12.9861106872559,-38.477294921875,44783369,Bus Stop
-12.9885902404785,-38.4813995361328,45833600,Bus Stop
-12.9774055480957,-38.4863624572754,224014949,Bus Stop
-12.9844255447388,-38.4881019592285,43768272,Bus Stop
-12.9809837341309,-38.4887161254883,45834294,Bus Stop
-12.9841651916504,-38.484935760498,45833763,Bus Stop
-12.9739742279053,-38.5073776245117,45833102,Bus Stop
-12.9861917495728,-38.5107383728027,44782752,Bus Stop
-12.9616956710815,-38.5017929077148,98439035,Bus Stop
-12.9694337844849,-38.5065879821777,44733698,Bus Stop
-12.9915733337402,-38.5180244445801,45833145,Bus Stop
-12.9690542221069,-38.4956703186035,44782759,Bus Stop
-12.9801788330078,-38.5185279846191,44733641,Bus Stop
-12.9963521957397,-38.5275344848633,45834061,Bus Stop
-12.98890209198,-38.5015106201172,46918874,Bus Stop
-12.9780883789063,-38.4994735717773,45834262,Bus Stop
-12.9694337844849,-38.5065879821777,44733698,Bus Stop
-12.9885902404785,-38.4813995361328,45833600,Bus Stop
-13.0067071914673,-38.5009994506836,47568481,Bus Stop
-12.9786701202393,-38.5074462890625,44428471,Bus Stop
-12.9780883789063,-38.4994735717773,45834262,Bus Stop
-12.9900741577148,-38.5041732788086,50065504,Bus Stop
-12.9821434020996,-38.477912902832,46022057,Bus Stop
-12.9838590621948,-38.4881629943848,43768316,Bus Stop
-12.9911193847656,-38.4841957092285,44783336,Bus Stop
-12.9996290206909,-38.4816513061523,45833383,Bus Stop
-12.9754762649536,-38.4870452880859,45834249,Bus Stop
-12.9838590621948,-38.4881629943848,43768316,Bus Stop
-12.9871482849121,-38.496711730957,44782927,Bus Stop
-12.9838037490845,-38.4671974182129,236528712,Bus Stop
-12.9950866699219,-38.5251846313477,131666300,Bus Stop
-12.9767122268677,-38.483715057373,45834829,Bus Stop
-12.9936170578003,-38.5116958618164,45833149,Bus Stop
-12.9810314178467,-38.5002288818359,45834265,Bus Stop
-12.9357481002808,-38.493824005127,44783531,Bus Stop
-12.9240474700928,-38.504280090332,43768574,Bus Stop
-12.9180822372437,-38.4986953735352,44783928,Bus Stop
-12.9257249832153,-38.5024833679199,43768632,Bus Stop
-12.9438495635986,-38.4969673156738,45833625,Bus Stop
-12.934061050415,-38.4926834106445,44783532,Bus Stop
-12.9343166351318,-38.4957160949707,45834776,Bus Stop
-12.9303903579712,-38.504093170166,47567382,Bus Stop
-12.9239072799683,-38.5026702880859,43768770,Bus Stop
-12.9247150421143,-38.5087699890137,45833616,Bus Stop
-12.9392395019531,-38.4961242675781,44783512,Bus Stop
-12.938364982605,-38.4995956420898,44783544,Bus Stop
-12.9269332885742,-38.4987297058105,44783466,Bus Stop
-12.932505607605,-38.5045890808105,45833991,Bus Stop
-12.9294242858887,-38.4981002807617,45833990,Bus Stop
-12.922890663147,-38.4908065795898,104226128,Bus Stop
-12.9298877716064,-38.4956817626953,44783234,Bus Stop
-12.9269332885742,-38.4987297058105,44783466,Bus Stop
-12.9357481002808,-38.493824005127,44783531,Bus Stop
-12.9327640533447,-38.5111541748047,45833488,Bus Stop
-12.9167079925537,-38.4951667785645,44783927,Bus Stop
-12.932505607605,-38.5045890808105,45833991,Bus Stop
-12.9180822372437,-38.4986953735352,44783928,Bus Stop
-12.9296655654907,-38.5014839172363,44783207,Bus Stop
-12.9294242858887,-38.5116729736328,46021807,Bus Stop
-12.9167079925537,-38.4951667785645,44783927,Bus Stop
-12.9239072799683,-38.5026702880859,43768770,Bus Stop
-12.9320363998413,-38.4912948608398,44783536,Bus Stop
-12.978196144104,-38.4309959411621,45834207,Bus Stop
-12.9826593399048,-38.4332313537598,45833717,Bus Stop
-12.97829246521,-38.4267387390137,230395772,Bus Stop
-12.9698810577393,-38.4133834838867,202798647,Bus Stop
-12.9421186447144,-38.3649406433105,45832860,Bus Stop
-12.9781532287598,-38.4289588928223,193533508,Bus Stop
-12.969687461853,-38.4224090576172,44782454,Bus Stop
-12.9107656478882,-38.350959777832,117165994,Bus Stop
-12.9465970993042,-38.3691139221191,262857551,Bus Stop
-12.9413347244263,-38.3585472106934,45832939,Bus Stop
-12.911057472229,-38.3492469787598,44783639,Bus Stop
-12.914249420166,-38.3660202026367,230371157,Bus Stop
-12.8503656387329,-38.3861770629883,82414043,Bus Stop
-12.9443311691284,-38.3772239685059,263450415,Bus Stop
-12.9190492630005,-38.4052467346191,44782450,Bus Stop
-12.9111166000366,-38.3493843078613,215205048,Bus Stop
-12.9264707565308,-38.3784637451172,260884374,Bus Stop
-12.9719390869141,-38.4202003479004,44783644,Bus Stop
-12.9768438339233,-38.4400444030762,230390834,Bus Stop
-12.9090366363525,-38.3663597106934,211299456,Bus Stop
-12.8331680297852,-38.3775177001953,59122402,Bus Stop
-12.8995447158813,-38.3666076660156,230380795,Bus Stop
-12.9134330749512,-38.351318359375,215205214,Bus Stop
-12.9443311691284,-38.3772239685059,263450415,Bus Stop
-12.9759006500244,-38.425910949707,230395773,Bus Stop
-12.9109010696411,-38.3547782897949,268471638,Bus Stop
-12.9381427764893,-38.3683128356934,269097044,Bus Stop
-12.911527633667,-38.3583717346191,348822495,Bus Stop
-12.9115800857544,-38.379451751709,193484336,Bus Stop
-12.9698810577393,-38.4133834838867,202798647,Bus Stop
-12.978196144104,-38.4309959411621,45834207,Bus Stop
-12.9309234619141,-38.3767776489258,193792573_S,Bus Stop
-12.9413347244263,-38.3585472106934,45832939,Bus Stop
-12.9173307418823,-38.3647918701172,47566227,Bus Stop
-12.9927740097046,-38.4478721618652,44165412,Bus Stop
-12.9825992584229,-38.4358596801758,193533505,Bus Stop
-12.9601240158081,-38.4073143005371,45834027,Bus Stop
-12.9173307418823,-38.3647918701172,47566227,Bus Stop
-12.9392700195313,-38.3734931945801,236644180_S,Bus Stop
-12.9698810577393,-38.4133834838867,202798647,Bus Stop
-12.911057472229,-38.3492469787598,44783639,Bus Stop
-12.9736499786377,-38.4338836669922,45834206,Bus Stop
-12.8295612335205,-38.3712463378906,262863726,Bus Stop
-12.9173831939697,-38.3523864746094,44164980,Bus Stop
-12.9852428436279,-38.437084197998,44782920,Bus Stop
-12.9381427764893,-38.3683128356934,269097044,Bus Stop
-12.9703884124756,-38.4218711853027,198258803,Bus Stop
-12.9224815368652,-38.3495674133301,268469955,Bus Stop
-12.9088907241821,-38.3664016723633,211299455,Bus Stop
-12.8995447158813,-38.3666076660156,230380795,Bus Stop
-12.97829246521,-38.4267387390137,230395772,Bus Stop
-12.8868818283081,-38.3629760742188,230360470,Bus Stop
-12.9442176818848,-38.3608322143555,45832938,Bus Stop
-12.936408996582,-38.3673057556152,269097043,Bus Stop
-12.8503656387329,-38.3861770629883,82414043,Bus Stop
-12.8936815261841,-38.3596458435059,202057097,Bus Stop
-12.9457721710205,-38.4904594421387,44783729,Bus Stop
-12.9484281539917,-38.491569519043,45241660,Bus Stop
-12.9567518234253,-38.481372833252,201478555,Bus Stop
-12.960108757019,-38.4842758178711,193549871,Bus Stop
-12.9643039703369,-38.4860038757324,44783793,Bus Stop
-12.9606466293335,-38.4818840026855,193549867,Bus Stop
-12.9527988433838,-38.4891166687012,44782762,Bus Stop
-12.9519557952881,-38.5009117126465,45834515,Bus Stop
-12.9497175216675,-38.4956970214844,45833644,Bus Stop
-12.9530363082886,-38.4888687133789,45247130,Bus Stop
-12.9567747116089,-38.4977645874023,44093683_S,Bus Stop
-12.9408893585205,-38.4908218383789,86316136,Bus Stop
-12.9628429412842,-38.492618560791,44782409,Bus Stop
-12.9550199508667,-38.4871826171875,45237158,Bus Stop
-12.9573402404785,-38.493724822998,44782411,Bus Stop
-12.9438495635986,-38.4890670776367,46021712,Bus Stop
-12.960108757019,-38.4842758178711,193549871,Bus Stop
-12.954607963562,-38.480281829834,107018201_S,Bus Stop
-12.9553852081299,-38.499828338623,45833070,Bus Stop
-12.9669151306152,-38.4800453186035,45833011,Bus Stop
-12.9592552185059,-38.4876708984375,193549870,Bus Stop
-12.9606466293335,-38.4818840026855,193549867,Bus Stop
-12.954607963562,-38.480281829834,107018201_S,Bus Stop
-12.9672412872314,-38.4992370605469,193509115,Bus Stop
-12.9567518234253,-38.481372833252,201478555,Bus Stop
-12.9549036026001,-38.4840888977051,44783265,Bus Stop
-13.0020742416382,-38.477611541748,262856202,Bus Stop
-13.005051612854,-38.4760093688965,126325300_S,Bus Stop
-13.000373840332,-38.5024070739746,44782432,Bus Stop
-13.012900352478,-38.4802627563477,44783864,Bus Stop
-13.0057945251465,-38.4836654663086,262864732,Bus Stop
-13.0141563415527,-38.4884414672852,44783884,Bus Stop
-12.990532875061,-38.5043869018555,44784448,Bus Stop
-12.9954175949097,-38.5013427734375,44782429_S,Bus Stop
-13.000283241272,-38.4977493286133,46021935,Bus Stop
-13.0083465576172,-38.475284576416,238730144_S,Bus Stop
-12.9920053482056,-38.5019721984863,44784449,Bus Stop
-13.005051612854,-38.4760093688965,126325300_S,Bus Stop
-13.0008850097656,-38.518253326416,44782405,Bus Stop
-13.0008850097656,-38.518253326416,44782405,Bus Stop
-13.0017919540405,-38.5015830993652,44784451,Bus Stop
-13.0132293701172,-38.488697052002,49377961,Bus Stop
-13.0038967132568,-38.5191459655762,92431652,Bus Stop
-13.005051612854,-38.4760093688965,126325300_S,Bus Stop
-13.0021600723267,-38.4825286865234,48843436,Bus Stop
-13.0111141204834,-38.4911117553711,45834479,Bus Stop
-13.0051708221436,-38.5028114318848,44783651,Bus Stop
-13.0057945251465,-38.4836654663086,262864732,Bus Stop
-13.0071048736572,-38.4830894470215,262864731,Bus Stop
-13.0017747879028,-38.4993324279785,90281929,Bus Stop
-13.0105609893799,-38.4992370605469,44783879,Bus Stop
-13.0053243637085,-38.5227203369141,45834888,Bus Stop
-12.9987297058105,-38.5119552612305,70251912,Bus Stop
-13.0108804702759,-38.4733009338379,232142333,Bus Stop
-12.9990978240967,-38.4986724853516,193570634,Bus Stop
-13.0002174377441,-38.4775543212891,262856199,Bus Stop
-13.0093212127686,-38.465461730957,44784517,Bus Stop
-13.005051612854,-38.4760093688965,126325300_S,Bus Stop
-12.9946899414063,-38.5101623535156,44782433,Bus Stop
-12.9970798492432,-38.5024375915527,193570637,Bus Stop
-12.9980382919312,-38.5138168334961,44782932,Bus Stop
-12.9945497512817,-38.4961814880371,44784442,Bus Stop
-13.0141267776489,-38.4777984619141,44783109,Bus Stop
-13.005051612854,-38.4760093688965,126325300_S,Bus Stop
-12.9184551239014,-38.442985534668,44164922,Bus Stop
-12.9266147613525,-38.4365310668945,44784089,Bus Stop
-12.9041833877563,-38.4284248352051,45834559,Bus Stop
-12.9022541046143,-38.4276580810547,48219627,Bus Stop
-12.9044437408447,-38.4412040710449,47566235,Bus Stop
-12.9033498764038,-38.4489326477051,45833678_S,Bus Stop
-12.9016199111938,-38.4643974304199,46022207,Bus Stop
-12.9114332199097,-38.4426155090332,45833579,Bus Stop
-12.9250726699829,-38.4395332336426,45833505,Bus Stop
-12.8974370956421,-38.459774017334,46906879,Bus Stop
-12.9180202484131,-38.4422950744629,87241417,Bus Stop
-12.9180202484131,-38.4422950744629,87241417,Bus Stop
-12.905216217041,-38.4255332946777,46022120,Bus Stop
-12.9176874160767,-38.4426193237305,44783564,Bus Stop
-12.8978424072266,-38.4324913024902,45834278,Bus Stop
-12.9114332199097,-38.4426155090332,45833579,Bus Stop
-12.9158000946045,-38.4494667053223,45834548,Bus Stop
-12.9077644348145,-38.4297943115234,46022110,Bus Stop
-12.9284744262695,-38.4353370666504,48480947,Bus Stop
-12.9310264587402,-38.4179229736328,47567987,Bus Stop
-12.9017362594604,-38.4334869384766,44783838,Bus Stop
-12.9017496109009,-38.4339179992676,45834182,Bus Stop
-12.910605430603,-38.426212310791,47566312_S,Bus Stop
-12.9251155853271,-38.4398994445801,44784235,Bus Stop
-12.9055995941162,-38.4389495849609,45833372,Bus Stop
-12.9285926818848,-38.434684753418,45833324,Bus Stop
-12.9033498764038,-38.4489326477051,45833678_S,Bus Stop
-12.9250726699829,-38.4395332336426,45833505,Bus Stop
-12.908088684082,-38.4245796203613,46022114,Bus Stop
-12.8923282623291,-38.4564323425293,46022094,Bus Stop
-12.907341003418,-38.434398651123,46021688,Bus Stop
-12.8933134078979,-38.4568977355957,93635955,Bus Stop
-12.9253244400024,-38.4337425231934,44784085,Bus Stop
-12.9352769851685,-38.4759216308594,44783174,Bus Stop
-12.92946434021,-38.479133605957,45221145,Bus Stop
-12.9328746795654,-38.4800910949707,44784313,Bus Stop
-12.940131187439,-38.4749984741211,44068928_S,Bus Stop
-12.9238805770874,-38.474178314209,44782364,Bus Stop
-12.940896987915,-38.4727478027344,46214444,Bus Stop
-12.9329395294189,-38.4755859375,44089207_S,Bus Stop
-12.9433469772339,-38.4839210510254,47567876,Bus Stop
-12.926194190979,-38.4760360717773,44782362,Bus Stop
-12.9153661727905,-38.4708251953125,46022085_S,Bus Stop
-12.940131187439,-38.4749984741211,44068928_S,Bus Stop
-12.9431056976318,-38.4739761352539,46021698_S,Bus Stop
-12.9301347732544,-38.4848365783691,45221148,Bus Stop
-12.9397306442261,-38.488151550293,45833902,Bus Stop
-12.9059286117554,-38.4728469848633,44395222_S,Bus Stop
-12.9191913604736,-38.4686431884766,45833588,Bus Stop
-12.9153661727905,-38.4708251953125,46022085_S,Bus Stop
-12.9389038085938,-38.4902305603027,43768713,Bus Stop
-12.9376945495605,-38.4860038757324,99834780,Bus Stop
-12.9221172332764,-38.4763374328613,44072613_S,Bus Stop
-12.9197626113892,-38.4760894775391,46021984_S,Bus Stop
-12.9450531005859,-38.4681625366211,289557705,Bus Stop
-12.9263334274292,-38.4822387695313,44070080_S,Bus Stop
-12.9328746795654,-38.4800910949707,44784313,Bus Stop
-12.9234418869019,-38.4615783691406,44782893,Bus Stop
-12.9306049346924,-38.4745559692383,45833168,Bus Stop
-12.9442729949951,-38.4835357666016,44782771,Bus Stop
-12.9164571762085,-38.4781227111816,44783163,Bus Stop
-12.9332580566406,-38.4827117919922,44784000,Bus Stop
-12.9191913604736,-38.4686431884766,45833588,Bus Stop
-12.9474067687988,-38.4736175537109,44784029,Bus Stop
-12.9197626113892,-38.4760894775391,46021984_S,Bus Stop
-12.9498653411865,-38.4728126525879,43768310,Bus Stop
-12.9365015029907,-38.4783096313477,44783212,Bus Stop
-12.9480619430542,-38.4790725708008,44782766,Bus Stop
-12.9301347732544,-38.4848365783691,45221148,Bus Stop
-12.9498653411865,-38.4728126525879,43768310,Bus Stop
-12.909405708313,-38.478630065918,43768360,Bus Stop
-12.943039894104,-38.477352142334,46021709,Bus Stop
-12.9472627639771,-38.4806289672852,45833206,Bus Stop
-12.8737878799438,-38.4706802368164,44782814,Bus Stop
-12.8833723068237,-38.4770278930664,44165231,Bus Stop
-12.8833169937134,-38.4682006835938,44782844,Bus Stop
-12.8835964202881,-38.4751434326172,44783632,Bus Stop
-12.8983354568481,-38.4883613586426,44782361,Bus Stop
-12.847954750061,-38.4594993591309,44690994_S,Bus Stop
-12.8883199691772,-38.4737243652344,89842464,Bus Stop
-12.8480339050293,-38.4592552185059,44783420,Bus Stop
-12.8940172195435,-38.4871559143066,44783124,Bus Stop
-12.8836679458618,-38.4683418273926,44165253,Bus Stop
-12.8546018600464,-38.4618034362793,44733643,Bus Stop
-12.8725357055664,-38.4760398864746,44782811,Bus Stop
-12.889760017395,-38.4779281616211,44783631,Bus Stop
-12.847412109375,-38.4523239135742,46021649,Bus Stop
-12.9345035552979,-38.4879531860352,44783292,Bus Stop
-12.9133520126343,-38.4800415039063,43768568,Bus Stop
-12.9212789535522,-38.48095703125,43768385,Bus Stop
-12.9033584594727,-38.4855499267578,45833536,Bus Stop
-12.9044761657715,-38.4771499633789,43768386,Bus Stop
-12.8480339050293,-38.4592552185059,44783420,Bus Stop
-12.8709745407104,-38.4772148132324,44783097,Bus Stop
-12.9247913360596,-38.4850540161133,104226131,Bus Stop
-12.9051237106323,-38.4874572753906,43787621_S,Bus Stop
-12.8983354568481,-38.4883613586426,44782361,Bus Stop
-12.8983354568481,-38.4883613586426,44782361,Bus Stop
-12.8860445022583,-38.483570098877,44165168,Bus Stop
-12.8484077453613,-38.4608383178711,44165057,Bus Stop
-12.8520784378052,-38.4560012817383,91347551,Bus Stop
-12.9248924255371,-38.4878540039063,185591475,Bus Stop
-12.9359312057495,-38.4893035888672,44783293,Bus Stop
-12.8544607162476,-38.4566535949707,49053701,Bus Stop
-12.8463830947876,-38.4505004882813,46021647,Bus Stop
-12.8886280059814,-38.473705291748,44783619,Bus Stop
-12.8464879989624,-38.4503555297852,153320539,Bus Stop
-12.8528175354004,-38.4524536132813,345589457,Bus Stop
-12.9047021865845,-38.477409362793,44387659,Bus Stop
-12.8903512954712,-38.4748382568359,89785054,Bus Stop
-12.8585243225098,-38.4573707580566,44783645,Bus Stop
-12.8334255218506,-38.4653282165527,47566065,Bus Stop
-12.853443145752,-38.4654579162598,44783438,Bus Stop
-12.8490047454834,-38.4695205688477,159761375,Bus Stop
-12.8495054244995,-38.474006652832,44782383,Bus Stop
-12.8140563964844,-38.4862861633301,43768481_S,Bus Stop
-12.8140563964844,-38.4862861633301,43768481_S,Bus Stop
-12.8140563964844,-38.4862861633301,43768481_S,Bus Stop
-12.8140563964844,-38.4862861633301,43768481_S,Bus Stop
-12.8235101699829,-38.4835319519043,46021671,Bus Stop
-12.8140563964844,-38.4862861633301,43768481_S,Bus Stop
-12.8593215942383,-38.4777030944824,151490557,Bus Stop
-12.8522729873657,-38.4688720703125,43768395,Bus Stop
-12.8140563964844,-38.4862861633301,43768481_S,Bus Stop
-12.8672332763672,-38.4739532470703,44783646,Bus Stop
-12.8644332885742,-38.477970123291,44387648,Bus Stop
-12.841986656189,-38.467830657959,44783096,Bus Stop
-12.8412809371948,-38.4646987915039,44165189,Bus Stop
-12.8140563964844,-38.4862861633301,43768481_S,Bus Stop
-12.8349123001099,-38.4713821411133,44784543,Bus Stop
-12.8416862487793,-38.4671363830566,46021633,Bus Stop
-12.8718233108521,-38.4732360839844,44782810,Bus Stop
-12.8718233108521,-38.4732360839844,44782810,Bus Stop
-12.8542566299438,-38.471794128418,49053424,Bus Stop
-12.8623561859131,-38.475528717041,44783647,Bus Stop
-12.8294382095337,-38.4659194946289,43768443,Bus Stop
-12.8378133773804,-38.470703125,48410536,Bus Stop
-12.8365888595581,-38.4758758544922,44165384_S,Bus Stop
-12.8140563964844,-38.4862861633301,43768481_S,Bus Stop
-12.8476686477661,-38.466480255127,159761371,Bus Stop
-12.8548851013184,-38.46240234375,44783455,Bus Stop
-12.8551645278931,-38.4640998840332,44684562_S,Bus Stop
-12.8365888595581,-38.4758758544922,44165384_S,Bus Stop
-12.8655738830566,-38.4713096618652,44673425_S,Bus Stop
-12.8504333496094,-38.4747352600098,44783427,Bus Stop
-12.8140563964844,-38.4862861633301,43768481_S,Bus Stop
-12.8618240356445,-38.4786071777344,44387647,Bus Stop
-12.8140563964844,-38.4862861633301,43768481_S,Bus Stop
-12.84557056427,-38.4541473388672,46021635,Bus Stop
